time_microseconds,1,2,3,4,5,6,7,8,9,10,11,12,13,14,15,16,17,18,19,20,21,22,23,24,25,26,27,28,29,30,31,32,33,34,35,36,37,38,39,40,41,42,43,44,45,46,47,48,49,50,51,52,53,54,55,56,57,58,59,60,61,62,63,64,65,66,67,68,69,70,71,72,73,74,75,76,77,78,79,80,81,82,83,84,85,86,87,88,89,90,91,92,93,94,95,96,97,98,99,100,101,102,103,104,105,106,107,108,109,110,111,112,113,114,115,116,117,118,119,120,121,122,123,124,125,126,127,128,129,130,131,132,133,134,135,136,137,138,139,140,141,142,143,144,145,146,147,148,149,150,151,152,153,154,155,156,157,158,159,160,161,162,163,164,165,166,167,168,169,170,171,172,173,174,175,176,177,178,179,180,181,182,183,184,185,186,187,188,189,190,191,192,193,194,195,196,197,198,199,200,201,202,203,204,205,206,207,208,209,210,211,212,213,214,215,216,217,218,219,220,221,222,223,224,225,226,227,228,229,230,231,232,233,234,235,236,237,238,239,240,241,242,243,244,245,246,247,248,249,250,251,252,253,254,255,256,257,258,259,260,261,262,263,264,265,266,267,268,269,270,271,272,273,274,275,276,277,278,279,280,281,282,283,284,285,286,287,288,289,290,291,292,293,294,295,296,297,298,299,300,301,302,303,304,305,306,307,308,309,310,311,312,313,314,315,316,317,318,319,320,321,322,323,324,325,326,327,328,329,330,331,332,333,334,335,336,337,338,339,340,341,342,343,344,345,346,347,348,349,350,351,352,353,354,355,356,357,358,359,360,361,362,363,364,365,366,367,368,369,370,371,372,373,374,375,376,377,378,379,380,381,382,383,384,385,386,387,388,389,390,391,392,393,394,395,396,397,398,399,400,401,402,403,404,405,406,407,408,409,410,411,412,413,414,415,416,417,418,419,420,421,422,423,424,425,426,427,428,429,430,431,432,433,434,435,436,437,438,439,440,441,442,443,444,445,446,447,448,449,450,451,452,453,454,455,456,457,458,459,460,461,462,463,464,465,466,467,468,469,470,471,472,473,474,475,476,477,478,479,480,481,482,483,484,485,486,487,488,489,490,491,492,493,494,495,496,497,498,499,500,501,502,503,504,505,506,507,508,509,510,511,512,513,514,515,516,517,518,519,520,521,522,523,524,525,526,527,528,529,530,531,532,533,534,535,536,537,538,539,540,541,542,543,544,545,546,547,548,549,550,551,552,553,554,555,556,557,558,559,560,561,562,563,564,565,566,567,568,569,570,571,572,573,574,575,576,577,578,579,580,581,582,583,584,585,586,587,588,589,590,591,592,593,594,595,596,597,598,599,600,601,602,603,604,605,606,607,608,609,610,611,612,613,614,615,616,617,618,619,620,621,622,623,624,625,626,627,628,629,630,631,632,633,634,635,636,637,638,639,640,641,642,643,644,645,646,647,648,649,650,651,652,653,654,655,656,657,658,659,660,661,662,663,664,665,666,667,668,669,670,671,672,673,674,675,676,677,678,679,680,681,682,683,684,685,686,687,688,689,690,691,692,693,694,695,696,697,698,699,700,701,702,703,704,705,706,707,708,709,710,711,712,713,714,715,716,717,718,719,720,721,722,723,724,725,726,727,728,729,730,731,732,733,734,735,736,737,738,739,740,741,742,743,744,745,746,747,748,749,750,751,752,753,754,755,756,757,758,759,760,761,762,763,764,765,766,767,768,769,770,771,772,773,774,775,776,777,778,779,780,781,782,783,784,785,786,787,788,789,790,791,792,793,794,795,796,797,798,799,800,801,802,803,804,805,806,807,808,809,810,811,812,813,814,815,816,817,818,819,820,821,822,823,824,825,826,827,828,829,830,831,832,833,834,835,836,837,838,839,840,841,842,843,844,845,846,847,848,849,850,851,852,853,854,855,856,857,858,859,860,861,862,863,864,865,866,867,868,869,870,871,872,873,874,875,876,877,878,879,880,881,882,883,884,885,886,887,888,889,890,891,892,893,894,895,896,897,898,899,900,901,902,903,904,905,906,907,908,909,910,911,912,913,914,915,916,917,918,919,920,921,922,923,924,925,926,927,928,929,930,931,932,933,934,935,936,937,938,939,940,941,942,943,944,945,946,947,948,949,950,951,952,953,954,955,956,957,958,959,960,961,962,963,964,965,966,967,968,969,970,971,972,973,974,975,976,977,978,979,980,981,982,983,984,985,986,987,988,989,990,991,992,993,994,995,996,997,998,999,1000,1001,1002,1003,1004,1005,1006,1007,1008,1009,1010,1011,1012,1013,1014,1015,1016,1017,1018,1019,1020,1021,1022,1023,1024
50,0j,0j,0j,0j,0j,0j,0j,0j,0j,0j,0j,0j,0j,0j,0j,0j,0j,0j,0j,0j,0j,0j,0j,0j,0j,0j,0j,0j,0j,0j,0j,0j,0j,0j,0j,0j,0j,0j,0j,0j,0j,0j,0j,0j,0j,0j,0j,0j,0j,0j,0j,0j,0j,0j,0j,0j,0j,0j,0j,0j,0j,0j,0j,0j,0j,0j,0j,0j,0j,0j,0j,0j,0j,0j,0j,0j,0j,0j,0j,0j,0j,0j,0j,0j,0j,0j,0j,0j,0j,0j,0j,0j,0j,0j,0j,0j,0j,0j,0j,0j,0j,0j,0j,0j,0j,0j,0j,0j,0j,0j,0j,0j,0j,0j,0j,0j,0j,0j,0j,0j,0j,0j,0j,0j,0j,0j,0j,0j,0j,0j,0j,0j,0j,0j,0j,0j,0j,0j,0j,0j,0j,0j,0j,0j,0j,0j,0j,0j,0j,0j,0j,0j,0j,0j,0j,0j,0j,0j,0j,0j,0j,0j,0j,0j,0j,0j,0j,0j,0j,0j,0j,0j,0j,0j,0j,0j,0j,0j,0j,0j,0j,0j,0j,0j,0j,0j,0j,0j,0j,0j,0j,0j,0j,0j,0j,0j,0j,0j,0j,0j,0j,0j,0j,0j,0j,0j,0j,0j,0j,0j,0j,0j,0j,0j,0j,0j,0j,0j,0j,0j,0j,0j,0j,0j,0j,0j,0j,0j,0j,0j,0j,0j,0j,0j,0j,0j,0j,0j,0j,0j,0j,0j,0j,0j,0j,0j,0j,0j,0j,0j,0j,0j,0j,0j,0j,0j,0j,0j,0j,0j,0j,0j,0j,0j,0j,0j,0j,0j,0j,0j,0j,0j,0j,0j,0j,0j,0j,0j,0j,0j,0j,0j,0j,0j,0j,0j,0j,0j,0j,0j,0j,0j,0j,0j,0j,0j,0j,0j,0j,0j,0j,0j,0j,0j,0j,0j,0j,0j,0j,0j,0j,0j,0j,0j,0j,0j,0j,0j,0j,0j,0j,0j,0j,0j,0j,0j,0j,0j,0j,0j,0j,0j,0j,0j,0j,0j,0j,0j,0j,0j,0j,0j,0j,0j,0j,0j,0j,0j,0j,0j,0j,0j,0j,0j,0j,0j,0j,0j,0j,0j,0j,0j,0j,0j,0j,0j,0j,0j,0j,0j,0j,0j,0j,0j,0j,0j,0j,0j,0j,0j,0j,0j,0j,0j,0j,0j,0j,0j,0j,0j,0j,0j,0j,0j,0j,0j,0j,0j,0j,0j,0j,0j,0j,0j,0j,0j,0j,0j,0j,0j,0j,0j,0j,0j,0j,0j,0j,0j,0j,0j,0j,0j,0j,0j,0j,0j,0j,0j,0j,0j,0j,0j,0j,0j,0j,0j,0j,0j,0j,0j,0j,0j,0j,0j,0j,0j,0j,0j,0j,0j,0j,0j,0j,0j,0j,0j,0j,0j,0j,0j,0j,0j,0j,0j,0j,0j,0j,0j,0j,0j,0j,0j,0j,0j,0j,0j,0j,0j,0j,0j,0j,0j,0j,0j,0j,0j,0j,0j,0j,0j,0j,0j,0j,0j,0j,0j,0j,0j,0j,0j,0j,0j,0j,0j,0j,0j,0j,0j,0j,0j,0j,(0.9869886225145542+0.12874668247834803j),0j,0j,0j,0j,0j,0j,0j,0j,0j,0j,0j,0j,0j,0j,0j,0j,0j,0j,0j,0j,0j,0j,0j,0j,0j,0j,0j,0j,0j,0j,0j,0j,0j,0j,0j,0j,0j,0j,0j,0j,0j,0j,0j,0j,0j,0j,0j,0j,0j,0j,0j,0j,0j,0j,0j,0j,0j,0j,0j,0j,0j,0j,0j,0j,0j,0j,0j,0j,0j,0j,0j,0j,0j,0j,0j,0j,0j,0j,0j,0j,0j,0j,0j,0j,0j,0j,0j,0j,0j,0j,0j,0j,0j,0j,0j,0j,0j,0j,0j,0j,0j,0j,0j,0j,0j,0j,0j,0j,0j,0j,0j,0j,0j,0j,0j,0j,0j,0j,0j,0j,0j,0j,0j,0j,0j,0j,0j,0j,0j,0j,0j,0j,0j,0j,0j,0j,0j,0j,0j,0j,0j,0j,0j,0j,0j,0j,0j,0j,0j,0j,0j,0j,0j,0j,0j,0j,0j,0j,0j,0j,0j,0j,0j,0j,0j,0j,0j,0j,0j,0j,0j,0j,0j,0j,0j,0j,0j,0j,0j,0j,0j,0j,0j,0j,0j,0j,0j,0j,0j,0j,0j,0j,0j,0j,0j,0j,0j,0j,0j,0j,0j,0j,0j,0j,0j,0j,0j,0j,0j,0j,0j,0j,0j,0j,0j,0j,0j,0j,0j,0j,0j,0j,0j,0j,0j,0j,0j,0j,0j,0j,0j,0j,0j,0j,0j,0j,0j,0j,0j,0j,0j,0j,0j,0j,0j,0j,0j,0j,0j,0j,0j,0j,0j,0j,0j,(1.0363072506070338e-05-0.03210702555707012j),0j,0j,0j,0j,0j,0j,0j,0j,0j,0j,0j,0j,0j,0j,0j,0j,0j,0j,0j,0j,0j,0j,0j,0j,0j,0j,0j,0j,0j,0j,0j,0j,0j,0j,0j,0j,0j,0j,0j,0j,0j,0j,0j,0j,0j,0j,0j,0j,0j,0j,0j,0j,0j,0j,0j,0j,0j,0j,0j,0j,0j,0j,0j,0j,0j,0j,0j,0j,0j,0j,0j,0j,0j,0j,0j,0j,0j,0j,0j,0j,0j,0j,0j,0j,0j,0j,0j,0j,0j,0j,0j,0j,0j,0j,0j,0j,0j,0j,0j,0j,0j,0j,0j,0j,0j,0j,0j,0j,0j,0j,0j,0j,0j,0j,0j,0j,0j,0j,0j,0j,0j,0j,0j,0j,0j,0j,0j,(1.0363072506072339e-05-0.032107025557070096j),0j,0j,0j,0j,0j,0j,0j,0j,0j,0j,0j,0j,0j,0j,0j,0j,0j,0j,0j,0j,0j,0j,0j,0j,0j,0j,0j,0j,0j,0j,0j,0j,0j,0j,0j,0j,0j,0j,0j,0j,0j,0j,0j,0j,0j,0j,0j,0j,0j,0j,0j,0j,0j,0j,0j,0j,0j,0j,0j,0j,0j,0j,0j,(1.0363072506070684e-05-0.032107025557070144j),0j,0j,0j,0j,0j,0j,0j,0j,0j,0j,0j,0j,0j,0j,0j,0j,0j,0j,0j,0j,0j,0j,0j,0j,0j,0j,0j,0j,0j,0j,0j,(1.0363072506070679e-05-0.032107025557070144j),0j,0j,0j,0j,0j,0j,0j,0j,0j,0j,0j,0j,0j,0j,0j,(1.0363072506070154e-05-0.032107025557070186j),0j,0j,0j,0j,0j,0j,0j,(1.0363072506072796e-05-0.03210702555707011j),0j,0j,0j,(1.0363072506071734e-05-0.03210702555707001j),0j,(1.0363072506070379e-05-0.03210702555706994j),(1.0363072506071177e-05-0.03210702555706991j),0j
100,0j,0j,0j,0j,0j,0j,0j,0j,0j,0j,0j,0j,0j,0j,0j,0j,0j,0j,0j,0j,0j,0j,0j,0j,0j,0j,0j,0j,0j,0j,0j,0j,0j,0j,0j,0j,0j,0j,0j,0j,0j,0j,0j,0j,0j,0j,0j,0j,0j,0j,0j,0j,0j,0j,0j,0j,0j,0j,0j,0j,0j,0j,0j,0j,0j,0j,0j,0j,0j,0j,0j,0j,0j,0j,0j,0j,0j,0j,0j,0j,0j,0j,0j,0j,0j,0j,0j,0j,0j,0j,0j,0j,0j,0j,0j,0j,0j,0j,0j,0j,0j,0j,0j,0j,0j,0j,0j,0j,0j,0j,0j,0j,0j,0j,0j,0j,0j,0j,0j,0j,0j,0j,0j,0j,0j,0j,0j,0j,0j,0j,0j,0j,0j,0j,0j,0j,0j,0j,0j,0j,0j,0j,0j,0j,0j,0j,0j,0j,0j,0j,0j,0j,0j,0j,0j,0j,0j,0j,0j,0j,0j,0j,0j,0j,0j,0j,0j,0j,0j,0j,0j,0j,0j,0j,0j,0j,0j,0j,0j,0j,0j,0j,0j,0j,0j,0j,0j,0j,0j,0j,0j,0j,0j,0j,0j,0j,0j,0j,0j,0j,0j,0j,0j,0j,0j,0j,0j,0j,0j,0j,0j,0j,0j,0j,0j,0j,0j,0j,0j,0j,0j,0j,0j,0j,0j,0j,0j,0j,0j,0j,0j,0j,0j,0j,0j,0j,0j,0j,0j,0j,0j,0j,0j,0j,0j,0j,0j,0j,0j,0j,0j,0j,0j,0j,0j,0j,0j,0j,0j,0j,0j,0j,0j,0j,0j,0j,0j,0j,0j,0j,0j,0j,0j,0j,0j,0j,0j,0j,0j,0j,0j,0j,0j,0j,0j,0j,0j,0j,0j,0j,0j,0j,0j,0j,0j,0j,0j,0j,0j,0j,0j,0j,0j,0j,0j,0j,0j,0j,0j,0j,0j,0j,0j,0j,0j,0j,0j,0j,0j,0j,0j,0j,0j,0j,0j,0j,0j,0j,0j,0j,0j,0j,0j,0j,0j,0j,0j,0j,0j,0j,0j,0j,0j,0j,0j,0j,0j,0j,0j,0j,0j,0j,0j,0j,0j,0j,0j,0j,0j,0j,0j,0j,0j,0j,0j,0j,0j,0j,0j,0j,0j,0j,0j,0j,0j,0j,0j,0j,0j,0j,0j,0j,0j,0j,0j,0j,0j,0j,0j,0j,0j,0j,0j,0j,0j,0j,0j,0j,0j,0j,0j,0j,0j,0j,0j,0j,0j,0j,0j,0j,0j,0j,0j,0j,0j,0j,0j,0j,0j,0j,0j,0j,0j,0j,0j,0j,0j,0j,0j,0j,0j,0j,0j,0j,0j,0j,0j,0j,0j,0j,0j,0j,0j,0j,0j,0j,0j,0j,0j,0j,0j,0j,0j,0j,0j,0j,0j,0j,0j,0j,0j,0j,0j,0j,0j,0j,0j,0j,0j,0j,0j,0j,0j,0j,0j,0j,0j,0j,0j,0j,0j,0j,0j,0j,0j,0j,0j,0j,0j,0j,0j,0j,0j,0j,0j,0j,0j,0j,0j,0j,0j,0j,0j,0j,0j,0j,0j,0j,0j,0j,0j,(0.9482930838794374+0.25413703249143815j),0j,0j,0j,0j,0j,0j,0j,0j,0j,0j,0j,0j,0j,0j,0j,0j,0j,0j,0j,0j,0j,0j,0j,0j,0j,0j,0j,0j,0j,0j,0j,0j,0j,0j,0j,0j,0j,0j,0j,0j,0j,0j,0j,0j,0j,0j,0j,0j,0j,0j,0j,0j,0j,0j,0j,0j,0j,0j,0j,0j,0j,0j,0j,0j,0j,0j,0j,0j,0j,0j,0j,0j,0j,0j,0j,0j,0j,0j,0j,0j,0j,0j,0j,0j,0j,0j,0j,0j,0j,0j,0j,0j,0j,0j,0j,0j,0j,0j,0j,0j,0j,0j,0j,0j,0j,0j,0j,0j,0j,0j,0j,0j,0j,0j,0j,0j,0j,0j,0j,0j,0j,0j,0j,0j,0j,0j,0j,0j,0j,0j,0j,0j,0j,0j,0j,0j,0j,0j,0j,0j,0j,0j,0j,0j,0j,0j,0j,0j,0j,0j,0j,0j,0j,0j,0j,0j,0j,0j,0j,0j,0j,0j,0j,0j,0j,0j,0j,0j,0j,0j,0j,0j,0j,0j,0j,0j,0j,0j,0j,0j,0j,0j,0j,0j,0j,0j,0j,0j,0j,0j,0j,0j,0j,0j,0j,0j,0j,0j,0j,0j,0j,0j,0j,0j,0j,0j,0j,0j,0j,0j,0j,0j,0j,0j,0j,0j,0j,0j,0j,0j,0j,0j,0j,0j,0j,0j,0j,0j,0j,0j,0j,0j,0j,0j,0j,0j,0j,0j,0j,0j,0j,0j,0j,0j,0j,0j,0j,0j,0j,0j,0j,0j,0j,0j,0j,(4.09146569234868e-05-0.06338119307175433j),0j,0j,0j,0j,0j,0j,0j,0j,0j,0j,0j,0j,0j,0j,0j,0j,0j,0j,0j,0j,0j,0j,0j,0j,0j,0j,0j,0j,0j,0j,0j,0j,0j,0j,0j,0j,0j,0j,0j,0j,0j,0j,0j,0j,0j,0j,0j,0j,0j,0j,0j,0j,0j,0j,0j,0j,0j,0j,0j,0j,0j,0j,0j,0j,0j,0j,0j,0j,0j,0j,0j,0j,0j,0j,0j,0j,0j,0j,0j,0j,0j,0j,0j,0j,0j,0j,0j,0j,0j,0j,0j,0j,0j,0j,0j,0j,0j,0j,0j,0j,0j,0j,0j,0j,0j,0j,0j,0j,0j,0j,0j,0j,0j,0j,0j,0j,0j,0j,0j,0j,0j,0j,0j,0j,0j,0j,0j,(4.0914656923495915e-05-0.06338119307175429j),0j,0j,0j,0j,0j,0j,0j,0j,0j,0j,0j,0j,0j,0j,0j,0j,0j,0j,0j,0j,0j,0j,0j,0j,0j,0j,0j,0j,0j,0j,0j,0j,0j,0j,0j,0j,0j,0j,0j,0j,0j,0j,0j,0j,0j,0j,0j,0j,0j,0j,0j,0j,0j,0j,0j,0j,0j,0j,0j,0j,0j,0j,0j,(4.091465692348774e-05-0.06338119307175437j),0j,0j,0j,0j,0j,0j,0j,0j,0j,0j,0j,0j,0j,0j,0j,0j,0j,0j,0j,0j,0j,0j,0j,0j,0j,0j,0j,0j,0j,0j,0j,(4.091465692348773e-05-0.06338119307175437j),0j,0j,0j,0j,0j,0j,0j,0j,0j,0j,0j,0j,0j,0j,0j,(4.091465692348762e-05-0.06338119307175445j),0j,0j,0j,0j,0j,0j,0j,(4.0914656923496525e-05-0.06338119307175431j),0j,0j,0j,(4.0914656923494424e-05-0.0633811930717541j),0j,(4.091465692348865e-05-0.063381193071754j),(4.091465692349433e-05-0.06338119307175391j),0j
150,0j,0j,0j,0j,0j,0j,0j,0j,0j,0j,0j,0j,0j,0j,0j,0j,0j,0j,0j,0j,0j,0j,0j,0j,0j,0j,0j,0j,0j,0j,0j,0j,0j,0j,0j,0j,0j,0j,0j,0j,0j,0j,0j,0j,0j,0j,0j,0j,0j,0j,0j,0j,0j,0j,0j,0j,0j,0j,0j,0j,0j,0j,0j,0j,0j,0j,0j,0j,0j,0j,0j,0j,0j,0j,0j,0j,0j,0j,0j,0j,0j,0j,0j,0j,0j,0j,0j,0j,0j,0j,0j,0j,0j,0j,0j,0j,0j,0j,0j,0j,0j,0j,0j,0j,0j,0j,0j,0j,0j,0j,0j,0j,0j,0j,0j,0j,0j,0j,0j,0j,0j,0j,0j,0j,0j,0j,0j,0j,0j,0j,0j,0j,0j,0j,0j,0j,0j,0j,0j,0j,0j,0j,0j,0j,0j,0j,0j,0j,0j,0j,0j,0j,0j,0j,0j,0j,0j,0j,0j,0j,0j,0j,0j,0j,0j,0j,0j,0j,0j,0j,0j,0j,0j,0j,0j,0j,0j,0j,0j,0j,0j,0j,0j,0j,0j,0j,0j,0j,0j,0j,0j,0j,0j,0j,0j,0j,0j,0j,0j,0j,0j,0j,0j,0j,0j,0j,0j,0j,0j,0j,0j,0j,0j,0j,0j,0j,0j,0j,0j,0j,0j,0j,0j,0j,0j,0j,0j,0j,0j,0j,0j,0j,0j,0j,0j,0j,0j,0j,0j,0j,0j,0j,0j,0j,0j,0j,0j,0j,0j,0j,0j,0j,0j,0j,0j,0j,0j,0j,0j,0j,0j,0j,0j,0j,0j,0j,0j,0j,0j,0j,0j,0j,0j,0j,0j,0j,0j,0j,0j,0j,0j,0j,0j,0j,0j,0j,0j,0j,0j,0j,0j,0j,0j,0j,0j,0j,0j,0j,0j,0j,0j,0j,0j,0j,0j,0j,0j,0j,0j,0j,0j,0j,0j,0j,0j,0j,0j,0j,0j,0j,0j,0j,0j,0j,0j,0j,0j,0j,0j,0j,0j,0j,0j,0j,0j,0j,0j,0j,0j,0j,0j,0j,0j,0j,0j,0j,0j,0j,0j,0j,0j,0j,0j,0j,0j,0j,0j,0j,0j,0j,0j,0j,0j,0j,0j,0j,0j,0j,0j,0j,0j,0j,0j,0j,0j,0j,0j,0j,0j,0j,0j,0j,0j,0j,0j,0j,0j,0j,0j,0j,0j,0j,0j,0j,0j,0j,0j,0j,0j,0j,0j,0j,0j,0j,0j,0j,0j,0j,0j,0j,0j,0j,0j,0j,0j,0j,0j,0j,0j,0j,0j,0j,0j,0j,0j,0j,0j,0j,0j,0j,0j,0j,0j,0j,0j,0j,0j,0j,0j,0j,0j,0j,0j,0j,0j,0j,0j,0j,0j,0j,0j,0j,0j,0j,0j,0j,0j,0j,0j,0j,0j,0j,0j,0j,0j,0j,0j,0j,0j,0j,0j,0j,0j,0j,0j,0j,0j,0j,0j,0j,0j,0j,0j,0j,0j,0j,0j,0j,0j,0j,0j,0j,0j,0j,0j,0j,0j,0j,0j,0j,0j,0j,0j,0j,0j,0j,0j,0j,0j,0j,0j,(0.8849203543139658+0.3729022139487875j),0j,0j,0j,0j,0j,0j,0j,0j,0j,0j,0j,0j,0j,0j,0j,0j,0j,0j,0j,0j,0j,0j,0j,0j,0j,0j,0j,0j,0j,0j,0j,0j,0j,0j,0j,0j,0j,0j,0j,0j,0j,0j,0j,0j,0j,0j,0j,0j,0j,0j,0j,0j,0j,0j,0j,0j,0j,0j,0j,0j,0j,0j,0j,0j,0j,0j,0j,0j,0j,0j,0j,0j,0j,0j,0j,0j,0j,0j,0j,0j,0j,0j,0j,0j,0j,0j,0j,0j,0j,0j,0j,0j,0j,0j,0j,0j,0j,0j,0j,0j,0j,0j,0j,0j,0j,0j,0j,0j,0j,0j,0j,0j,0j,0j,0j,0j,0j,0j,0j,0j,0j,0j,0j,0j,0j,0j,0j,0j,0j,0j,0j,0j,0j,0j,0j,0j,0j,0j,0j,0j,0j,0j,0j,0j,0j,0j,0j,0j,0j,0j,0j,0j,0j,0j,0j,0j,0j,0j,0j,0j,0j,0j,0j,0j,0j,0j,0j,0j,0j,0j,0j,0j,0j,0j,0j,0j,0j,0j,0j,0j,0j,0j,0j,0j,0j,0j,0j,0j,0j,0j,0j,0j,0j,0j,0j,0j,0j,0j,0j,0j,0j,0j,0j,0j,0j,0j,0j,0j,0j,0j,0j,0j,0j,0j,0j,0j,0j,0j,0j,0j,0j,0j,0j,0j,0j,0j,0j,0j,0j,0j,0j,0j,0j,0j,0j,0j,0j,0j,0j,0j,0j,0j,0j,0j,0j,0j,0j,0j,0j,0j,0j,0j,0j,0j,0j,(9.00627732444715e-05-0.09301124923077049j),0j,0j,0j,0j,0j,0j,0j,0j,0j,0j,0j,0j,0j,0j,0j,0j,0j,0j,0j,0j,0j,0j,0j,0j,0j,0j,0j,0j,0j,0j,0j,0j,0j,0j,0j,0j,0j,0j,0j,0j,0j,0j,0j,0j,0j,0j,0j,0j,0j,0j,0j,0j,0j,0j,0j,0j,0j,0j,0j,0j,0j,0j,0j,0j,0j,0j,0j,0j,0j,0j,0j,0j,0j,0j,0j,0j,0j,0j,0j,0j,0j,0j,0j,0j,0j,0j,0j,0j,0j,0j,0j,0j,0j,0j,0j,0j,0j,0j,0j,0j,0j,0j,0j,0j,0j,0j,0j,0j,0j,0j,0j,0j,0j,0j,0j,0j,0j,0j,0j,0j,0j,0j,0j,0j,0j,0j,0j,(9.006277324449284e-05-0.09301124923077043j),0j,0j,0j,0j,0j,0j,0j,0j,0j,0j,0j,0j,0j,0j,0j,0j,0j,0j,0j,0j,0j,0j,0j,0j,0j,0j,0j,0j,0j,0j,0j,0j,0j,0j,0j,0j,0j,0j,0j,0j,0j,0j,0j,0j,0j,0j,0j,0j,0j,0j,0j,0j,0j,0j,0j,0j,0j,0j,0j,0j,0j,0j,0j,(9.006277324447223e-05-0.09301124923077056j),0j,0j,0j,0j,0j,0j,0j,0j,0j,0j,0j,0j,0j,0j,0j,0j,0j,0j,0j,0j,0j,0j,0j,0j,0j,0j,0j,0j,0j,0j,0j,(9.006277324447216e-05-0.09301124923077056j),0j,0j,0j,0j,0j,0j,0j,0j,0j,0j,0j,0j,0j,0j,0j,(9.006277324447215e-05-0.0930112492307707j),0j,0j,0j,0j,0j,0j,0j,(9.006277324449403e-05-0.09301124923077046j),0j,0j,0j,(9.006277324448944e-05-0.0930112492307702j),0j,(9.006277324448345e-05-0.09301124923077003j),(9.006277324449386e-05-0.09301124923076992j),0j
500,0j,0j,0j,0j,0j,0j,0j,0j,0j,0j,0j,0j,0j,0j,0j,0j,0j,0j,0j,0j,0j,0j,0j,0j,0j,0j,0j,0j,0j,0j,0j,0j,0j,0j,0j,0j,0j,0j,0j,0j,0j,0j,0j,0j,0j,0j,0j,0j,0j,0j,0j,0j,0j,0j,0j,0j,0j,0j,0j,0j,0j,0j,0j,0j,0j,0j,0j,0j,0j,0j,0j,0j,0j,0j,0j,0j,0j,0j,0j,0j,0j,0j,0j,0j,0j,0j,0j,0j,0j,0j,0j,0j,0j,0j,0j,0j,0j,0j,0j,0j,0j,0j,0j,0j,0j,0j,0j,0j,0j,0j,0j,0j,0j,0j,0j,0j,0j,0j,0j,0j,0j,0j,0j,0j,0j,0j,0j,0j,0j,0j,0j,0j,0j,0j,0j,0j,0j,0j,0j,0j,0j,0j,0j,0j,0j,0j,0j,0j,0j,0j,0j,0j,0j,0j,0j,0j,0j,0j,0j,0j,0j,0j,0j,0j,0j,0j,0j,0j,0j,0j,0j,0j,0j,0j,0j,0j,0j,0j,0j,0j,0j,0j,0j,0j,0j,0j,0j,0j,0j,0j,0j,0j,0j,0j,0j,0j,0j,0j,0j,0j,0j,0j,0j,0j,0j,0j,0j,0j,0j,0j,0j,0j,0j,0j,0j,0j,0j,0j,0j,0j,0j,0j,0j,0j,0j,0j,0j,0j,0j,0j,0j,0j,0j,0j,0j,0j,0j,0j,0j,0j,0j,0j,0j,0j,0j,0j,0j,0j,0j,0j,0j,0j,0j,0j,0j,0j,0j,0j,0j,0j,0j,0j,0j,0j,0j,0j,0j,0j,0j,0j,0j,0j,0j,0j,0j,0j,0j,0j,0j,0j,0j,0j,0j,0j,0j,0j,0j,0j,0j,0j,0j,0j,0j,0j,0j,0j,0j,0j,0j,0j,0j,0j,0j,0j,0j,0j,0j,0j,0j,0j,0j,0j,0j,0j,0j,0j,0j,0j,0j,0j,0j,0j,0j,0j,0j,0j,0j,0j,0j,0j,0j,0j,0j,0j,0j,0j,0j,0j,0j,0j,0j,0j,0j,0j,0j,0j,0j,0j,0j,0j,0j,0j,0j,0j,0j,0j,0j,0j,0j,0j,0j,0j,0j,0j,0j,0j,0j,0j,0j,0j,0j,0j,0j,0j,0j,0j,0j,0j,0j,0j,0j,0j,0j,0j,0j,0j,0j,0j,0j,0j,0j,0j,0j,0j,0j,0j,0j,0j,0j,0j,0j,0j,0j,0j,0j,0j,0j,0j,0j,0j,0j,0j,0j,0j,0j,0j,0j,0j,0j,0j,0j,0j,0j,0j,0j,0j,0j,0j,0j,0j,0j,0j,0j,0j,0j,0j,0j,0j,0j,0j,0j,0j,0j,0j,0j,0j,0j,0j,0j,0j,0j,0j,0j,0j,0j,0j,0j,0j,0j,0j,0j,0j,0j,0j,0j,0j,0j,0j,0j,0j,0j,0j,0j,0j,0j,0j,0j,0j,0j,0j,0j,0j,0j,0j,0j,0j,0j,0j,0j,0j,0j,0j,0j,0j,0j,0j,0j,0j,0j,0j,0j,0j,0j,0j,0j,0j,0j,0j,0j,0j,0j,(-0.044099390085505334+0.7991719731907162j),0j,0j,0j,0j,0j,0j,0j,0j,0j,0j,0j,0j,0j,0j,0j,0j,0j,0j,0j,0j,0j,0j,0j,0j,0j,0j,0j,0j,0j,0j,0j,0j,0j,0j,0j,0j,0j,0j,0j,0j,0j,0j,0j,0j,0j,0j,0j,0j,0j,0j,0j,0j,0j,0j,0j,0j,0j,0j,0j,0j,0j,0j,0j,0j,0j,0j,0j,0j,0j,0j,0j,0j,0j,0j,0j,0j,0j,0j,0j,0j,0j,0j,0j,0j,0j,0j,0j,0j,0j,0j,0j,0j,0j,0j,0j,0j,0j,0j,0j,0j,0j,0j,0j,0j,0j,0j,0j,0j,0j,0j,0j,0j,0j,0j,0j,0j,0j,0j,0j,0j,0j,0j,0j,0j,0j,0j,0j,0j,0j,0j,0j,0j,0j,0j,0j,0j,0j,0j,0j,0j,0j,0j,0j,0j,0j,0j,0j,0j,0j,0j,0j,0j,0j,0j,0j,0j,0j,0j,0j,0j,0j,0j,0j,0j,0j,0j,0j,0j,0j,0j,0j,0j,0j,0j,0j,0j,0j,0j,0j,0j,0j,0j,0j,0j,0j,0j,0j,0j,0j,0j,0j,0j,0j,0j,0j,0j,0j,0j,0j,0j,0j,0j,0j,0j,0j,0j,0j,0j,0j,0j,0j,0j,0j,0j,0j,0j,0j,0j,0j,0j,0j,0j,0j,0j,0j,0j,0j,0j,0j,0j,0j,0j,0j,0j,0j,0j,0j,0j,0j,0j,0j,0j,0j,0j,0j,0j,0j,0j,0j,0j,0j,0j,0j,0j,0j,(0.0006449752201279517-0.1998264961641704j),0j,0j,0j,0j,0j,0j,0j,0j,0j,0j,0j,0j,0j,0j,0j,0j,0j,0j,0j,0j,0j,0j,0j,0j,0j,0j,0j,0j,0j,0j,0j,0j,0j,0j,0j,0j,0j,0j,0j,0j,0j,0j,0j,0j,0j,0j,0j,0j,0j,0j,0j,0j,0j,0j,0j,0j,0j,0j,0j,0j,0j,0j,0j,0j,0j,0j,0j,0j,0j,0j,0j,0j,0j,0j,0j,0j,0j,0j,0j,0j,0j,0j,0j,0j,0j,0j,0j,0j,0j,0j,0j,0j,0j,0j,0j,0j,0j,0j,0j,0j,0j,0j,0j,0j,0j,0j,0j,0j,0j,0j,0j,0j,0j,0j,0j,0j,0j,0j,0j,0j,0j,0j,0j,0j,0j,0j,0j,(0.000644975220128023-0.19982649616417017j),0j,0j,0j,0j,0j,0j,0j,0j,0j,0j,0j,0j,0j,0j,0j,0j,0j,0j,0j,0j,0j,0j,0j,0j,0j,0j,0j,0j,0j,0j,0j,0j,0j,0j,0j,0j,0j,0j,0j,0j,0j,0j,0j,0j,0j,0j,0j,0j,0j,0j,0j,0j,0j,0j,0j,0j,0j,0j,0j,0j,0j,0j,0j,(0.000644975220128055-0.1998264961641706j),0j,0j,0j,0j,0j,0j,0j,0j,0j,0j,0j,0j,0j,0j,0j,0j,0j,0j,0j,0j,0j,0j,0j,0j,0j,0j,0j,0j,0j,0j,0j,(0.0006449752201280561-0.1998264961641706j),0j,0j,0j,0j,0j,0j,0j,0j,0j,0j,0j,0j,0j,0j,0j,(0.0006449752201280149-0.1998264961641708j),0j,0j,0j,0j,0j,0j,0j,(0.0006449752201280646-0.19982649616417025j),0j,0j,0j,(0.0006449752201280438-0.1998264961641697j),0j,(0.0006449752201280052-0.19982649616416936j),(0.0006449752201280453-0.199826496164169j),0j
1000,0j,0j,0j,0j,0j,0j,0j,0j,0j,0j,0j,0j,0j,0j,0j,0j,0j,0j,0j,0j,0j,0j,0j,0j,0j,0j,0j,0j,0j,0j,0j,0j,0j,0j,0j,0j,0j,0j,0j,0j,0j,0j,0j,0j,0j,0j,0j,0j,0j,0j,0j,0j,0j,0j,0j,0j,0j,0j,0j,0j,0j,0j,0j,0j,0j,0j,0j,0j,0j,0j,0j,0j,0j,0j,0j,0j,0j,0j,0j,0j,0j,0j,0j,0j,0j,0j,0j,0j,0j,0j,0j,0j,0j,0j,0j,0j,0j,0j,0j,0j,0j,0j,0j,0j,0j,0j,0j,0j,0j,0j,0j,0j,0j,0j,0j,0j,0j,0j,0j,0j,0j,0j,0j,0j,0j,0j,0j,0j,0j,0j,0j,0j,0j,0j,0j,0j,0j,0j,0j,0j,0j,0j,0j,0j,0j,0j,0j,0j,0j,0j,0j,0j,0j,0j,0j,0j,0j,0j,0j,0j,0j,0j,0j,0j,0j,0j,0j,0j,0j,0j,0j,0j,0j,0j,0j,0j,0j,0j,0j,0j,0j,0j,0j,0j,0j,0j,0j,0j,0j,0j,0j,0j,0j,0j,0j,0j,0j,0j,0j,0j,0j,0j,0j,0j,0j,0j,0j,0j,0j,0j,0j,0j,0j,0j,0j,0j,0j,0j,0j,0j,0j,0j,0j,0j,0j,0j,0j,0j,0j,0j,0j,0j,0j,0j,0j,0j,0j,0j,0j,0j,0j,0j,0j,0j,0j,0j,0j,0j,0j,0j,0j,0j,0j,0j,0j,0j,0j,0j,0j,0j,0j,0j,0j,0j,0j,0j,0j,0j,0j,0j,0j,0j,0j,0j,0j,0j,0j,0j,0j,0j,0j,0j,0j,0j,0j,0j,0j,0j,0j,0j,0j,0j,0j,0j,0j,0j,0j,0j,0j,0j,0j,0j,0j,0j,0j,0j,0j,0j,0j,0j,0j,0j,0j,0j,0j,0j,0j,0j,0j,0j,0j,0j,0j,0j,0j,0j,0j,0j,0j,0j,0j,0j,0j,0j,0j,0j,0j,0j,0j,0j,0j,0j,0j,0j,0j,0j,0j,0j,0j,0j,0j,0j,0j,0j,0j,0j,0j,0j,0j,0j,0j,0j,0j,0j,0j,0j,0j,0j,0j,0j,0j,0j,0j,0j,0j,0j,0j,0j,0j,0j,0j,0j,0j,0j,0j,0j,0j,0j,0j,0j,0j,0j,0j,0j,0j,0j,0j,0j,0j,0j,0j,0j,0j,0j,0j,0j,0j,0j,0j,0j,0j,0j,0j,0j,0j,0j,0j,0j,0j,0j,0j,0j,0j,0j,0j,0j,0j,0j,0j,0j,0j,0j,0j,0j,0j,0j,0j,0j,0j,0j,0j,0j,0j,0j,0j,0j,0j,0j,0j,0j,0j,0j,0j,0j,0j,0j,0j,0j,0j,0j,0j,0j,0j,0j,0j,0j,0j,0j,0j,0j,0j,0j,0j,0j,0j,0j,0j,0j,0j,0j,0j,0j,0j,0j,0j,0j,0j,0j,0j,0j,0j,0j,0j,0j,0j,0j,0j,0j,0j,0j,0j,0j,0j,0j,0j,0j,0j,0j,0j,0j,0j,(-0.996102999713558-0.07280588967259612j),0j,0j,0j,0j,0j,0j,0j,0j,0j,0j,0j,0j,0j,0j,0j,0j,0j,0j,0j,0j,0j,0j,0j,0j,0j,0j,0j,0j,0j,0j,0j,0j,0j,0j,0j,0j,0j,0j,0j,0j,0j,0j,0j,0j,0j,0j,0j,0j,0j,0j,0j,0j,0j,0j,0j,0j,0j,0j,0j,0j,0j,0j,0j,0j,0j,0j,0j,0j,0j,0j,0j,0j,0j,0j,0j,0j,0j,0j,0j,0j,0j,0j,0j,0j,0j,0j,0j,0j,0j,0j,0j,0j,0j,0j,0j,0j,0j,0j,0j,0j,0j,0j,0j,0j,0j,0j,0j,0j,0j,0j,0j,0j,0j,0j,0j,0j,0j,0j,0j,0j,0j,0j,0j,0j,0j,0j,0j,0j,0j,0j,0j,0j,0j,0j,0j,0j,0j,0j,0j,0j,0j,0j,0j,0j,0j,0j,0j,0j,0j,0j,0j,0j,0j,0j,0j,0j,0j,0j,0j,0j,0j,0j,0j,0j,0j,0j,0j,0j,0j,0j,0j,0j,0j,0j,0j,0j,0j,0j,0j,0j,0j,0j,0j,0j,0j,0j,0j,0j,0j,0j,0j,0j,0j,0j,0j,0j,0j,0j,0j,0j,0j,0j,0j,0j,0j,0j,0j,0j,0j,0j,0j,0j,0j,0j,0j,0j,0j,0j,0j,0j,0j,0j,0j,0j,0j,0j,0j,0j,0j,0j,0j,0j,0j,0j,0j,0j,0j,0j,0j,0j,0j,0j,0j,0j,0j,0j,0j,0j,0j,0j,0j,0j,0j,0j,0j,(-0.00010711616675907486+0.0165932152325697j),0j,0j,0j,0j,0j,0j,0j,0j,0j,0j,0j,0j,0j,0j,0j,0j,0j,0j,0j,0j,0j,0j,0j,0j,0j,0j,0j,0j,0j,0j,0j,0j,0j,0j,0j,0j,0j,0j,0j,0j,0j,0j,0j,0j,0j,0j,0j,0j,0j,0j,0j,0j,0j,0j,0j,0j,0j,0j,0j,0j,0j,0j,0j,0j,0j,0j,0j,0j,0j,0j,0j,0j,0j,0j,0j,0j,0j,0j,0j,0j,0j,0j,0j,0j,0j,0j,0j,0j,0j,0j,0j,0j,0j,0j,0j,0j,0j,0j,0j,0j,0j,0j,0j,0j,0j,0j,0j,0j,0j,0j,0j,0j,0j,0j,0j,0j,0j,0j,0j,0j,0j,0j,0j,0j,0j,0j,0j,(-0.00010711616675892856+0.016593215232569763j),0j,0j,0j,0j,0j,0j,0j,0j,0j,0j,0j,0j,0j,0j,0j,0j,0j,0j,0j,0j,0j,0j,0j,0j,0j,0j,0j,0j,0j,0j,0j,0j,0j,0j,0j,0j,0j,0j,0j,0j,0j,0j,0j,0j,0j,0j,0j,0j,0j,0j,0j,0j,0j,0j,0j,0j,0j,0j,0j,0j,0j,0j,0j,(-0.00010711616675897354+0.016593215232569892j),0j,0j,0j,0j,0j,0j,0j,0j,0j,0j,0j,0j,0j,0j,0j,0j,0j,0j,0j,0j,0j,0j,0j,0j,0j,0j,0j,0j,0j,0j,0j,(-0.00010711616675893775+0.016593215232569868j),0j,0j,0j,0j,0j,0j,0j,0j,0j,0j,0j,0j,0j,0j,0j,(-0.00010711616675897956+0.016593215232569816j),0j,0j,0j,0j,0j,0j,0j,(-0.0001071161667589886+0.016593215232569923j),0j,0j,0j,(-0.0001071161667589104+0.016593215232569656j),0j,(-0.00010711616675892374+0.016593215232569597j),(-0.00010711616675902019+0.01659321523256966j),0j
1500,0j,0j,0j,0j,0j,0j,0j,0j,0j,0j,0j,0j,0j,0j,0j,0j,0j,0j,0j,0j,0j,0j,0j,0j,0j,0j,0j,0j,0j,0j,0j,0j,0j,0j,0j,0j,0j,0j,0j,0j,0j,0j,0j,0j,0j,0j,0j,0j,0j,0j,0j,0j,0j,0j,0j,0j,0j,0j,0j,0j,0j,0j,0j,0j,0j,0j,0j,0j,0j,0j,0j,0j,0j,0j,0j,0j,0j,0j,0j,0j,0j,0j,0j,0j,0j,0j,0j,0j,0j,0j,0j,0j,0j,0j,0j,0j,0j,0j,0j,0j,0j,0j,0j,0j,0j,0j,0j,0j,0j,0j,0j,0j,0j,0j,0j,0j,0j,0j,0j,0j,0j,0j,0j,0j,0j,0j,0j,0j,0j,0j,0j,0j,0j,0j,0j,0j,0j,0j,0j,0j,0j,0j,0j,0j,0j,0j,0j,0j,0j,0j,0j,0j,0j,0j,0j,0j,0j,0j,0j,0j,0j,0j,0j,0j,0j,0j,0j,0j,0j,0j,0j,0j,0j,0j,0j,0j,0j,0j,0j,0j,0j,0j,0j,0j,0j,0j,0j,0j,0j,0j,0j,0j,0j,0j,0j,0j,0j,0j,0j,0j,0j,0j,0j,0j,0j,0j,0j,0j,0j,0j,0j,0j,0j,0j,0j,0j,0j,0j,0j,0j,0j,0j,0j,0j,0j,0j,0j,0j,0j,0j,0j,0j,0j,0j,0j,0j,0j,0j,0j,0j,0j,0j,0j,0j,0j,0j,0j,0j,0j,0j,0j,0j,0j,0j,0j,0j,0j,0j,0j,0j,0j,0j,0j,0j,0j,0j,0j,0j,0j,0j,0j,0j,0j,0j,0j,0j,0j,0j,0j,0j,0j,0j,0j,0j,0j,0j,0j,0j,0j,0j,0j,0j,0j,0j,0j,0j,0j,0j,0j,0j,0j,0j,0j,0j,0j,0j,0j,0j,0j,0j,0j,0j,0j,0j,0j,0j,0j,0j,0j,0j,0j,0j,0j,0j,0j,0j,0j,0j,0j,0j,0j,0j,0j,0j,0j,0j,0j,0j,0j,0j,0j,0j,0j,0j,0j,0j,0j,0j,0j,0j,0j,0j,0j,0j,0j,0j,0j,0j,0j,0j,0j,0j,0j,0j,0j,0j,0j,0j,0j,0j,0j,0j,0j,0j,0j,0j,0j,0j,0j,0j,0j,0j,0j,0j,0j,0j,0j,0j,0j,0j,0j,0j,0j,0j,0j,0j,0j,0j,0j,0j,0j,0j,0j,0j,0j,0j,0j,0j,0j,0j,0j,0j,0j,0j,0j,0j,0j,0j,0j,0j,0j,0j,0j,0j,0j,0j,0j,0j,0j,0j,0j,0j,0j,0j,0j,0j,0j,0j,0j,0j,0j,0j,0j,0j,0j,0j,0j,0j,0j,0j,0j,0j,0j,0j,0j,0j,0j,0j,0j,0j,0j,0j,0j,0j,0j,0j,0j,0j,0j,0j,0j,0j,0j,0j,0j,0j,0j,0j,0j,0j,0j,0j,0j,0j,0j,0j,0j,0j,0j,0j,0j,0j,0j,0j,0j,0j,0j,0j,0j,0j,0j,0j,0j,0j,0j,0j,0j,0j,0j,0j,0j,(0.13195321601400598-0.792557942704674j),0j,0j,0j,0j,0j,0j,0j,0j,0j,0j,0j,0j,0j,0j,0j,0j,0j,0j,0j,0j,0j,0j,0j,0j,0j,0j,0j,0j,0j,0j,0j,0j,0j,0j,0j,0j,0j,0j,0j,0j,0j,0j,0j,0j,0j,0j,0j,0j,0j,0j,0j,0j,0j,0j,0j,0j,0j,0j,0j,0j,0j,0j,0j,0j,0j,0j,0j,0j,0j,0j,0j,0j,0j,0j,0j,0j,0j,0j,0j,0j,0j,0j,0j,0j,0j,0j,0j,0j,0j,0j,0j,0j,0j,0j,0j,0j,0j,0j,0j,0j,0j,0j,0j,0j,0j,0j,0j,0j,0j,0j,0j,0j,0j,0j,0j,0j,0j,0j,0j,0j,0j,0j,0j,0j,0j,0j,0j,0j,0j,0j,0j,0j,0j,0j,0j,0j,0j,0j,0j,0j,0j,0j,0j,0j,0j,0j,0j,0j,0j,0j,0j,0j,0j,0j,0j,0j,0j,0j,0j,0j,0j,0j,0j,0j,0j,0j,0j,0j,0j,0j,0j,0j,0j,0j,0j,0j,0j,0j,0j,0j,0j,0j,0j,0j,0j,0j,0j,0j,0j,0j,0j,0j,0j,0j,0j,0j,0j,0j,0j,0j,0j,0j,0j,0j,0j,0j,0j,0j,0j,0j,0j,0j,0j,0j,0j,0j,0j,0j,0j,0j,0j,0j,0j,0j,0j,0j,0j,0j,0j,0j,0j,0j,0j,0j,0j,0j,0j,0j,0j,0j,0j,0j,0j,0j,0j,0j,0j,0j,0j,0j,0j,0j,0j,0j,0j,(-0.0019215566042756786+0.19844031423446223j),0j,0j,0j,0j,0j,0j,0j,0j,0j,0j,0j,0j,0j,0j,0j,0j,0j,0j,0j,0j,0j,0j,0j,0j,0j,0j,0j,0j,0j,0j,0j,0j,0j,0j,0j,0j,0j,0j,0j,0j,0j,0j,0j,0j,0j,0j,0j,0j,0j,0j,0j,0j,0j,0j,0j,0j,0j,0j,0j,0j,0j,0j,0j,0j,0j,0j,0j,0j,0j,0j,0j,0j,0j,0j,0j,0j,0j,0j,0j,0j,0j,0j,0j,0j,0j,0j,0j,0j,0j,0j,0j,0j,0j,0j,0j,0j,0j,0j,0j,0j,0j,0j,0j,0j,0j,0j,0j,0j,0j,0j,0j,0j,0j,0j,0j,0j,0j,0j,0j,0j,0j,0j,0j,0j,0j,0j,0j,(-0.0019215566042756586+0.19844031423446196j),0j,0j,0j,0j,0j,0j,0j,0j,0j,0j,0j,0j,0j,0j,0j,0j,0j,0j,0j,0j,0j,0j,0j,0j,0j,0j,0j,0j,0j,0j,0j,0j,0j,0j,0j,0j,0j,0j,0j,0j,0j,0j,0j,0j,0j,0j,0j,0j,0j,0j,0j,0j,0j,0j,0j,0j,0j,0j,0j,0j,0j,0j,0j,(-0.0019215566042758165+0.19844031423446246j),0j,0j,0j,0j,0j,0j,0j,0j,0j,0j,0j,0j,0j,0j,0j,0j,0j,0j,0j,0j,0j,0j,0j,0j,0j,0j,0j,0j,0j,0j,0j,(-0.0019215566042758549+0.19844031423446246j),0j,0j,0j,0j,0j,0j,0j,0j,0j,0j,0j,0j,0j,0j,0j,(-0.0019215566042758282+0.19844031423446276j),0j,0j,0j,0j,0j,0j,0j,(-0.0019215566042758909+0.19844031423446198j),0j,0j,0j,(-0.0019215566042755045+0.1984403142344615j),0j,(-0.0019215566042754728+0.19844031423446115j),(-0.0019215566042756138+0.19844031423446074j),0j
2000,0j,0j,0j,0j,0j,0j,0j,0j,0j,0j,0j,0j,0j,0j,0j,0j,0j,0j,0j,0j,0j,0j,0j,0j,0j,0j,0j,0j,0j,0j,0j,0j,0j,0j,0j,0j,0j,0j,0j,0j,0j,0j,0j,0j,0j,0j,0j,0j,0j,0j,0j,0j,0j,0j,0j,0j,0j,0j,0j,0j,0j,0j,0j,0j,0j,0j,0j,0j,0j,0j,0j,0j,0j,0j,0j,0j,0j,0j,0j,0j,0j,0j,0j,0j,0j,0j,0j,0j,0j,0j,0j,0j,0j,0j,0j,0j,0j,0j,0j,0j,0j,0j,0j,0j,0j,0j,0j,0j,0j,0j,0j,0j,0j,0j,0j,0j,0j,0j,0j,0j,0j,0j,0j,0j,0j,0j,0j,0j,0j,0j,0j,0j,0j,0j,0j,0j,0j,0j,0j,0j,0j,0j,0j,0j,0j,0j,0j,0j,0j,0j,0j,0j,0j,0j,0j,0j,0j,0j,0j,0j,0j,0j,0j,0j,0j,0j,0j,0j,0j,0j,0j,0j,0j,0j,0j,0j,0j,0j,0j,0j,0j,0j,0j,0j,0j,0j,0j,0j,0j,0j,0j,0j,0j,0j,0j,0j,0j,0j,0j,0j,0j,0j,0j,0j,0j,0j,0j,0j,0j,0j,0j,0j,0j,0j,0j,0j,0j,0j,0j,0j,0j,0j,0j,0j,0j,0j,0j,0j,0j,0j,0j,0j,0j,0j,0j,0j,0j,0j,0j,0j,0j,0j,0j,0j,0j,0j,0j,0j,0j,0j,0j,0j,0j,0j,0j,0j,0j,0j,0j,0j,0j,0j,0j,0j,0j,0j,0j,0j,0j,0j,0j,0j,0j,0j,0j,0j,0j,0j,0j,0j,0j,0j,0j,0j,0j,0j,0j,0j,0j,0j,0j,0j,0j,0j,0j,0j,0j,0j,0j,0j,0j,0j,0j,0j,0j,0j,0j,0j,0j,0j,0j,0j,0j,0j,0j,0j,0j,0j,0j,0j,0j,0j,0j,0j,0j,0j,0j,0j,0j,0j,0j,0j,0j,0j,0j,0j,0j,0j,0j,0j,0j,0j,0j,0j,0j,0j,0j,0j,0j,0j,0j,0j,0j,0j,0j,0j,0j,0j,0j,0j,0j,0j,0j,0j,0j,0j,0j,0j,0j,0j,0j,0j,0j,0j,0j,0j,0j,0j,0j,0j,0j,0j,0j,0j,0j,0j,0j,0j,0j,0j,0j,0j,0j,0j,0j,0j,0j,0j,0j,0j,0j,0j,0j,0j,0j,0j,0j,0j,0j,0j,0j,0j,0j,0j,0j,0j,0j,0j,0j,0j,0j,0j,0j,0j,0j,0j,0j,0j,0j,0j,0j,0j,0j,0j,0j,0j,0j,0j,0j,0j,0j,0j,0j,0j,0j,0j,0j,0j,0j,0j,0j,0j,0j,0j,0j,0j,0j,0j,0j,0j,0j,0j,0j,0j,0j,0j,0j,0j,0j,0j,0j,0j,0j,0j,0j,0j,0j,0j,0j,0j,0j,0j,0j,0j,0j,0j,0j,0j,0j,0j,0j,0j,0j,0j,0j,0j,0j,0j,0j,0j,0j,0j,0j,0j,0j,0j,0j,0j,0j,0j,0j,(0.984442578606388+0.1450123369704001j),0j,0j,0j,0j,0j,0j,0j,0j,0j,0j,0j,0j,0j,0j,0j,0j,0j,0j,0j,0j,0j,0j,0j,0j,0j,0j,0j,0j,0j,0j,0j,0j,0j,0j,0j,0j,0j,0j,0j,0j,0j,0j,0j,0j,0j,0j,0j,0j,0j,0j,0j,0j,0j,0j,0j,0j,0j,0j,0j,0j,0j,0j,0j,0j,0j,0j,0j,0j,0j,0j,0j,0j,0j,0j,0j,0j,0j,0j,0j,0j,0j,0j,0j,0j,0j,0j,0j,0j,0j,0j,0j,0j,0j,0j,0j,0j,0j,0j,0j,0j,0j,0j,0j,0j,0j,0j,0j,0j,0j,0j,0j,0j,0j,0j,0j,0j,0j,0j,0j,0j,0j,0j,0j,0j,0j,0j,0j,0j,0j,0j,0j,0j,0j,0j,0j,0j,0j,0j,0j,0j,0j,0j,0j,0j,0j,0j,0j,0j,0j,0j,0j,0j,0j,0j,0j,0j,0j,0j,0j,0j,0j,0j,0j,0j,0j,0j,0j,0j,0j,0j,0j,0j,0j,0j,0j,0j,0j,0j,0j,0j,0j,0j,0j,0j,0j,0j,0j,0j,0j,0j,0j,0j,0j,0j,0j,0j,0j,0j,0j,0j,0j,0j,0j,0j,0j,0j,0j,0j,0j,0j,0j,0j,0j,0j,0j,0j,0j,0j,0j,0j,0j,0j,0j,0j,0j,0j,0j,0j,0j,0j,0j,0j,0j,0j,0j,0j,0j,0j,0j,0j,0j,0j,0j,0j,0j,0j,0j,0j,0j,0j,0j,0j,0j,0j,0j,(0.0004269785220773863-0.03306994398623139j),0j,0j,0j,0j,0j,0j,0j,0j,0j,0j,0j,0j,0j,0j,0j,0j,0j,0j,0j,0j,0j,0j,0j,0j,0j,0j,0j,0j,0j,0j,0j,0j,0j,0j,0j,0j,0j,0j,0j,0j,0j,0j,0j,0j,0j,0j,0j,0j,0j,0j,0j,0j,0j,0j,0j,0j,0j,0j,0j,0j,0j,0j,0j,0j,0j,0j,0j,0j,0j,0j,0j,0j,0j,0j,0j,0j,0j,0j,0j,0j,0j,0j,0j,0j,0j,0j,0j,0j,0j,0j,0j,0j,0j,0j,0j,0j,0j,0j,0j,0j,0j,0j,0j,0j,0j,0j,0j,0j,0j,0j,0j,0j,0j,0j,0j,0j,0j,0j,0j,0j,0j,0j,0j,0j,0j,0j,0j,(0.00042697852207734875-0.033069943986231295j),0j,0j,0j,0j,0j,0j,0j,0j,0j,0j,0j,0j,0j,0j,0j,0j,0j,0j,0j,0j,0j,0j,0j,0j,0j,0j,0j,0j,0j,0j,0j,0j,0j,0j,0j,0j,0j,0j,0j,0j,0j,0j,0j,0j,0j,0j,0j,0j,0j,0j,0j,0j,0j,0j,0j,0j,0j,0j,0j,0j,0j,0j,0j,(0.00042697852207740854-0.03306994398623163j),0j,0j,0j,0j,0j,0j,0j,0j,0j,0j,0j,0j,0j,0j,0j,0j,0j,0j,0j,0j,0j,0j,0j,0j,0j,0j,0j,0j,0j,0j,0j,(0.00042697852207737987-0.033069943986231656j),0j,0j,0j,0j,0j,0j,0j,0j,0j,0j,0j,0j,0j,0j,0j,(0.0004269785220772877-0.03306994398623163j),0j,0j,0j,0j,0j,0j,0j,(0.00042697852207751545-0.03306994398623164j),0j,0j,0j,(0.000426978522077368-0.03306994398623108j),0j,(0.00042697852207743543-0.03306994398623098j),(0.00042697852207759936-0.033069943986231164j),0j
2500,0j,0j,0j,0j,0j,0j,0j,0j,0j,0j,0j,0j,0j,0j,0j,0j,0j,0j,0j,0j,0j,0j,0j,0j,0j,0j,0j,0j,0j,0j,0j,0j,0j,0j,0j,0j,0j,0j,0j,0j,0j,0j,0j,0j,0j,0j,0j,0j,0j,0j,0j,0j,0j,0j,0j,0j,0j,0j,0j,0j,0j,0j,0j,0j,0j,0j,0j,0j,0j,0j,0j,0j,0j,0j,0j,0j,0j,0j,0j,0j,0j,0j,0j,0j,0j,0j,0j,0j,0j,0j,0j,0j,0j,0j,0j,0j,0j,0j,0j,0j,0j,0j,0j,0j,0j,0j,0j,0j,0j,0j,0j,0j,0j,0j,0j,0j,0j,0j,0j,0j,0j,0j,0j,0j,0j,0j,0j,0j,0j,0j,0j,0j,0j,0j,0j,0j,0j,0j,0j,0j,0j,0j,0j,0j,0j,0j,0j,0j,0j,0j,0j,0j,0j,0j,0j,0j,0j,0j,0j,0j,0j,0j,0j,0j,0j,0j,0j,0j,0j,0j,0j,0j,0j,0j,0j,0j,0j,0j,0j,0j,0j,0j,0j,0j,0j,0j,0j,0j,0j,0j,0j,0j,0j,0j,0j,0j,0j,0j,0j,0j,0j,0j,0j,0j,0j,0j,0j,0j,0j,0j,0j,0j,0j,0j,0j,0j,0j,0j,0j,0j,0j,0j,0j,0j,0j,0j,0j,0j,0j,0j,0j,0j,0j,0j,0j,0j,0j,0j,0j,0j,0j,0j,0j,0j,0j,0j,0j,0j,0j,0j,0j,0j,0j,0j,0j,0j,0j,0j,0j,0j,0j,0j,0j,0j,0j,0j,0j,0j,0j,0j,0j,0j,0j,0j,0j,0j,0j,0j,0j,0j,0j,0j,0j,0j,0j,0j,0j,0j,0j,0j,0j,0j,0j,0j,0j,0j,0j,0j,0j,0j,0j,0j,0j,0j,0j,0j,0j,0j,0j,0j,0j,0j,0j,0j,0j,0j,0j,0j,0j,0j,0j,0j,0j,0j,0j,0j,0j,0j,0j,0j,0j,0j,0j,0j,0j,0j,0j,0j,0j,0j,0j,0j,0j,0j,0j,0j,0j,0j,0j,0j,0j,0j,0j,0j,0j,0j,0j,0j,0j,0j,0j,0j,0j,0j,0j,0j,0j,0j,0j,0j,0j,0j,0j,0j,0j,0j,0j,0j,0j,0j,0j,0j,0j,0j,0j,0j,0j,0j,0j,0j,0j,0j,0j,0j,0j,0j,0j,0j,0j,0j,0j,0j,0j,0j,0j,0j,0j,0j,0j,0j,0j,0j,0j,0j,0j,0j,0j,0j,0j,0j,0j,0j,0j,0j,0j,0j,0j,0j,0j,0j,0j,0j,0j,0j,0j,0j,0j,0j,0j,0j,0j,0j,0j,0j,0j,0j,0j,0j,0j,0j,0j,0j,0j,0j,0j,0j,0j,0j,0j,0j,0j,0j,0j,0j,0j,0j,0j,0j,0j,0j,0j,0j,0j,0j,0j,0j,0j,0j,0j,0j,0j,0j,0j,0j,0j,0j,0j,0j,0j,0j,0j,0j,0j,0j,0j,0j,0j,0j,0j,0j,0j,0j,0j,0j,0j,0j,0j,0j,0j,0j,0j,(-0.21877489356530255+0.7793841041748953j),0j,0j,0j,0j,0j,0j,0j,0j,0j,0j,0j,0j,0j,0j,0j,0j,0j,0j,0j,0j,0j,0j,0j,0j,0j,0j,0j,0j,0j,0j,0j,0j,0j,0j,0j,0j,0j,0j,0j,0j,0j,0j,0j,0j,0j,0j,0j,0j,0j,0j,0j,0j,0j,0j,0j,0j,0j,0j,0j,0j,0j,0j,0j,0j,0j,0j,0j,0j,0j,0j,0j,0j,0j,0j,0j,0j,0j,0j,0j,0j,0j,0j,0j,0j,0j,0j,0j,0j,0j,0j,0j,0j,0j,0j,0j,0j,0j,0j,0j,0j,0j,0j,0j,0j,0j,0j,0j,0j,0j,0j,0j,0j,0j,0j,0j,0j,0j,0j,0j,0j,0j,0j,0j,0j,0j,0j,0j,0j,0j,0j,0j,0j,0j,0j,0j,0j,0j,0j,0j,0j,0j,0j,0j,0j,0j,0j,0j,0j,0j,0j,0j,0j,0j,0j,0j,0j,0j,0j,0j,0j,0j,0j,0j,0j,0j,0j,0j,0j,0j,0j,0j,0j,0j,0j,0j,0j,0j,0j,0j,0j,0j,0j,0j,0j,0j,0j,0j,0j,0j,0j,0j,0j,0j,0j,0j,0j,0j,0j,0j,0j,0j,0j,0j,0j,0j,0j,0j,0j,0j,0j,0j,0j,0j,0j,0j,0j,0j,0j,0j,0j,0j,0j,0j,0j,0j,0j,0j,0j,0j,0j,0j,0j,0j,0j,0j,0j,0j,0j,0j,0j,0j,0j,0j,0j,0j,0j,0j,0j,0j,0j,0j,0j,0j,0j,0j,(0.003158186006210627-0.19567779549706982j),0j,0j,0j,0j,0j,0j,0j,0j,0j,0j,0j,0j,0j,0j,0j,0j,0j,0j,0j,0j,0j,0j,0j,0j,0j,0j,0j,0j,0j,0j,0j,0j,0j,0j,0j,0j,0j,0j,0j,0j,0j,0j,0j,0j,0j,0j,0j,0j,0j,0j,0j,0j,0j,0j,0j,0j,0j,0j,0j,0j,0j,0j,0j,0j,0j,0j,0j,0j,0j,0j,0j,0j,0j,0j,0j,0j,0j,0j,0j,0j,0j,0j,0j,0j,0j,0j,0j,0j,0j,0j,0j,0j,0j,0j,0j,0j,0j,0j,0j,0j,0j,0j,0j,0j,0j,0j,0j,0j,0j,0j,0j,0j,0j,0j,0j,0j,0j,0j,0j,0j,0j,0j,0j,0j,0j,0j,0j,(0.003158186006210734-0.19567779549706965j),0j,0j,0j,0j,0j,0j,0j,0j,0j,0j,0j,0j,0j,0j,0j,0j,0j,0j,0j,0j,0j,0j,0j,0j,0j,0j,0j,0j,0j,0j,0j,0j,0j,0j,0j,0j,0j,0j,0j,0j,0j,0j,0j,0j,0j,0j,0j,0j,0j,0j,0j,0j,0j,0j,0j,0j,0j,0j,0j,0j,0j,0j,0j,(0.003158186006210938-0.19567779549706998j),0j,0j,0j,0j,0j,0j,0j,0j,0j,0j,0j,0j,0j,0j,0j,0j,0j,0j,0j,0j,0j,0j,0j,0j,0j,0j,0j,0j,0j,0j,0j,(0.003158186006210987-0.19567779549707004j),0j,0j,0j,0j,0j,0j,0j,0j,0j,0j,0j,0j,0j,0j,0j,(0.0031581860062108165-0.19567779549707032j),0j,0j,0j,0j,0j,0j,0j,(0.0031581860062111014-0.19567779549706962j),0j,0j,0j,(0.0031581860062104396-0.19567779549706904j),0j,(0.0031581860062103646-0.1956777954970687j),(0.003158186006210694-0.19567779549706826j),0j
3000,0j,0j,0j,0j,0j,0j,0j,0j,0j,0j,0j,0j,0j,0j,0j,0j,0j,0j,0j,0j,0j,0j,0j,0j,0j,0j,0j,0j,0j,0j,0j,0j,0j,0j,0j,0j,0j,0j,0j,0j,0j,0j,0j,0j,0j,0j,0j,0j,0j,0j,0j,0j,0j,0j,0j,0j,0j,0j,0j,0j,0j,0j,0j,0j,0j,0j,0j,0j,0j,0j,0j,0j,0j,0j,0j,0j,0j,0j,0j,0j,0j,0j,0j,0j,0j,0j,0j,0j,0j,0j,0j,0j,0j,0j,0j,0j,0j,0j,0j,0j,0j,0j,0j,0j,0j,0j,0j,0j,0j,0j,0j,0j,0j,0j,0j,0j,0j,0j,0j,0j,0j,0j,0j,0j,0j,0j,0j,0j,0j,0j,0j,0j,0j,0j,0j,0j,0j,0j,0j,0j,0j,0j,0j,0j,0j,0j,0j,0j,0j,0j,0j,0j,0j,0j,0j,0j,0j,0j,0j,0j,0j,0j,0j,0j,0j,0j,0j,0j,0j,0j,0j,0j,0j,0j,0j,0j,0j,0j,0j,0j,0j,0j,0j,0j,0j,0j,0j,0j,0j,0j,0j,0j,0j,0j,0j,0j,0j,0j,0j,0j,0j,0j,0j,0j,0j,0j,0j,0j,0j,0j,0j,0j,0j,0j,0j,0j,0j,0j,0j,0j,0j,0j,0j,0j,0j,0j,0j,0j,0j,0j,0j,0j,0j,0j,0j,0j,0j,0j,0j,0j,0j,0j,0j,0j,0j,0j,0j,0j,0j,0j,0j,0j,0j,0j,0j,0j,0j,0j,0j,0j,0j,0j,0j,0j,0j,0j,0j,0j,0j,0j,0j,0j,0j,0j,0j,0j,0j,0j,0j,0j,0j,0j,0j,0j,0j,0j,0j,0j,0j,0j,0j,0j,0j,0j,0j,0j,0j,0j,0j,0j,0j,0j,0j,0j,0j,0j,0j,0j,0j,0j,0j,0j,0j,0j,0j,0j,0j,0j,0j,0j,0j,0j,0j,0j,0j,0j,0j,0j,0j,0j,0j,0j,0j,0j,0j,0j,0j,0j,0j,0j,0j,0j,0j,0j,0j,0j,0j,0j,0j,0j,0j,0j,0j,0j,0j,0j,0j,0j,0j,0j,0j,0j,0j,0j,0j,0j,0j,0j,0j,0j,0j,0j,0j,0j,0j,0j,0j,0j,0j,0j,0j,0j,0j,0j,0j,0j,0j,0j,0j,0j,0j,0j,0j,0j,0j,0j,0j,0j,0j,0j,0j,0j,0j,0j,0j,0j,0j,0j,0j,0j,0j,0j,0j,0j,0j,0j,0j,0j,0j,0j,0j,0j,0j,0j,0j,0j,0j,0j,0j,0j,0j,0j,0j,0j,0j,0j,0j,0j,0j,0j,0j,0j,0j,0j,0j,0j,0j,0j,0j,0j,0j,0j,0j,0j,0j,0j,0j,0j,0j,0j,0j,0j,0j,0j,0j,0j,0j,0j,0j,0j,0j,0j,0j,0j,0j,0j,0j,0j,0j,0j,0j,0j,0j,0j,0j,0j,0j,0j,0j,0j,0j,0j,0j,0j,0j,0j,0j,0j,0j,0j,0j,0j,0j,0j,0j,0j,0j,0j,0j,0j,0j,(-0.9651102347310259-0.21602479616934958j),0j,0j,0j,0j,0j,0j,0j,0j,0j,0j,0j,0j,0j,0j,0j,0j,0j,0j,0j,0j,0j,0j,0j,0j,0j,0j,0j,0j,0j,0j,0j,0j,0j,0j,0j,0j,0j,0j,0j,0j,0j,0j,0j,0j,0j,0j,0j,0j,0j,0j,0j,0j,0j,0j,0j,0j,0j,0j,0j,0j,0j,0j,0j,0j,0j,0j,0j,0j,0j,0j,0j,0j,0j,0j,0j,0j,0j,0j,0j,0j,0j,0j,0j,0j,0j,0j,0j,0j,0j,0j,0j,0j,0j,0j,0j,0j,0j,0j,0j,0j,0j,0j,0j,0j,0j,0j,0j,0j,0j,0j,0j,0j,0j,0j,0j,0j,0j,0j,0j,0j,0j,0j,0j,0j,0j,0j,0j,0j,0j,0j,0j,0j,0j,0j,0j,0j,0j,0j,0j,0j,0j,0j,0j,0j,0j,0j,0j,0j,0j,0j,0j,0j,0j,0j,0j,0j,0j,0j,0j,0j,0j,0j,0j,0j,0j,0j,0j,0j,0j,0j,0j,0j,0j,0j,0j,0j,0j,0j,0j,0j,0j,0j,0j,0j,0j,0j,0j,0j,0j,0j,0j,0j,0j,0j,0j,0j,0j,0j,0j,0j,0j,0j,0j,0j,0j,0j,0j,0j,0j,0j,0j,0j,0j,0j,0j,0j,0j,0j,0j,0j,0j,0j,0j,0j,0j,0j,0j,0j,0j,0j,0j,0j,0j,0j,0j,0j,0j,0j,0j,0j,0j,0j,0j,0j,0j,0j,0j,0j,0j,0j,0j,0j,0j,0j,0j,(-0.0009551442182173425+0.0493145364563351j),0j,0j,0j,0j,0j,0j,0j,0j,0j,0j,0j,0j,0j,0j,0j,0j,0j,0j,0j,0j,0j,0j,0j,0j,0j,0j,0j,0j,0j,0j,0j,0j,0j,0j,0j,0j,0j,0j,0j,0j,0j,0j,0j,0j,0j,0j,0j,0j,0j,0j,0j,0j,0j,0j,0j,0j,0j,0j,0j,0j,0j,0j,0j,0j,0j,0j,0j,0j,0j,0j,0j,0j,0j,0j,0j,0j,0j,0j,0j,0j,0j,0j,0j,0j,0j,0j,0j,0j,0j,0j,0j,0j,0j,0j,0j,0j,0j,0j,0j,0j,0j,0j,0j,0j,0j,0j,0j,0j,0j,0j,0j,0j,0j,0j,0j,0j,0j,0j,0j,0j,0j,0j,0j,0j,0j,0j,0j,(-0.0009551442182173291+0.04931453645633524j),0j,0j,0j,0j,0j,0j,0j,0j,0j,0j,0j,0j,0j,0j,0j,0j,0j,0j,0j,0j,0j,0j,0j,0j,0j,0j,0j,0j,0j,0j,0j,0j,0j,0j,0j,0j,0j,0j,0j,0j,0j,0j,0j,0j,0j,0j,0j,0j,0j,0j,0j,0j,0j,0j,0j,0j,0j,0j,0j,0j,0j,0j,0j,(-0.0009551442182174978+0.04931453645633559j),0j,0j,0j,0j,0j,0j,0j,0j,0j,0j,0j,0j,0j,0j,0j,0j,0j,0j,0j,0j,0j,0j,0j,0j,0j,0j,0j,0j,0j,0j,0j,(-0.0009551442182174161+0.049314536456335586j),0j,0j,0j,0j,0j,0j,0j,0j,0j,0j,0j,0j,0j,0j,0j,(-0.0009551442182174048+0.04931453645633551j),0j,0j,0j,0j,0j,0j,0j,(-0.0009551442182174821+0.04931453645633566j),0j,0j,0j,(-0.0009551442182174255+0.04931453645633487j),0j,(-0.000955144218217483+0.04931453645633476j),(-0.0009551442182176173+0.04931453645633509j),0j
3500,0j,0j,0j,0j,0j,0j,0j,0j,0j,0j,0j,0j,0j,0j,0j,0j,0j,0j,0j,0j,0j,0j,0j,0j,0j,0j,0j,0j,0j,0j,0j,0j,0j,0j,0j,0j,0j,0j,0j,0j,0j,0j,0j,0j,0j,0j,0j,0j,0j,0j,0j,0j,0j,0j,0j,0j,0j,0j,0j,0j,0j,0j,0j,0j,0j,0j,0j,0j,0j,0j,0j,0j,0j,0j,0j,0j,0j,0j,0j,0j,0j,0j,0j,0j,0j,0j,0j,0j,0j,0j,0j,0j,0j,0j,0j,0j,0j,0j,0j,0j,0j,0j,0j,0j,0j,0j,0j,0j,0j,0j,0j,0j,0j,0j,0j,0j,0j,0j,0j,0j,0j,0j,0j,0j,0j,0j,0j,0j,0j,0j,0j,0j,0j,0j,0j,0j,0j,0j,0j,0j,0j,0j,0j,0j,0j,0j,0j,0j,0j,0j,0j,0j,0j,0j,0j,0j,0j,0j,0j,0j,0j,0j,0j,0j,0j,0j,0j,0j,0j,0j,0j,0j,0j,0j,0j,0j,0j,0j,0j,0j,0j,0j,0j,0j,0j,0j,0j,0j,0j,0j,0j,0j,0j,0j,0j,0j,0j,0j,0j,0j,0j,0j,0j,0j,0j,0j,0j,0j,0j,0j,0j,0j,0j,0j,0j,0j,0j,0j,0j,0j,0j,0j,0j,0j,0j,0j,0j,0j,0j,0j,0j,0j,0j,0j,0j,0j,0j,0j,0j,0j,0j,0j,0j,0j,0j,0j,0j,0j,0j,0j,0j,0j,0j,0j,0j,0j,0j,0j,0j,0j,0j,0j,0j,0j,0j,0j,0j,0j,0j,0j,0j,0j,0j,0j,0j,0j,0j,0j,0j,0j,0j,0j,0j,0j,0j,0j,0j,0j,0j,0j,0j,0j,0j,0j,0j,0j,0j,0j,0j,0j,0j,0j,0j,0j,0j,0j,0j,0j,0j,0j,0j,0j,0j,0j,0j,0j,0j,0j,0j,0j,0j,0j,0j,0j,0j,0j,0j,0j,0j,0j,0j,0j,0j,0j,0j,0j,0j,0j,0j,0j,0j,0j,0j,0j,0j,0j,0j,0j,0j,0j,0j,0j,0j,0j,0j,0j,0j,0j,0j,0j,0j,0j,0j,0j,0j,0j,0j,0j,0j,0j,0j,0j,0j,0j,0j,0j,0j,0j,0j,0j,0j,0j,0j,0j,0j,0j,0j,0j,0j,0j,0j,0j,0j,0j,0j,0j,0j,0j,0j,0j,0j,0j,0j,0j,0j,0j,0j,0j,0j,0j,0j,0j,0j,0j,0j,0j,0j,0j,0j,0j,0j,0j,0j,0j,0j,0j,0j,0j,0j,0j,0j,0j,0j,0j,0j,0j,0j,0j,0j,0j,0j,0j,0j,0j,0j,0j,0j,0j,0j,0j,0j,0j,0j,0j,0j,0j,0j,0j,0j,0j,0j,0j,0j,0j,0j,0j,0j,0j,0j,0j,0j,0j,0j,0j,0j,0j,0j,0j,0j,0j,0j,0j,0j,0j,0j,0j,0j,0j,0j,0j,0j,0j,0j,0j,0j,0j,0j,0j,0j,0j,0j,0j,0j,0j,0j,0j,0j,0j,0j,0j,0j,(0.3038853502007942-0.7597584608939584j),0j,0j,0j,0j,0j,0j,0j,0j,0j,0j,0j,0j,0j,0j,0j,0j,0j,0j,0j,0j,0j,0j,0j,0j,0j,0j,0j,0j,0j,0j,0j,0j,0j,0j,0j,0j,0j,0j,0j,0j,0j,0j,0j,0j,0j,0j,0j,0j,0j,0j,0j,0j,0j,0j,0j,0j,0j,0j,0j,0j,0j,0j,0j,0j,0j,0j,0j,0j,0j,0j,0j,0j,0j,0j,0j,0j,0j,0j,0j,0j,0j,0j,0j,0j,0j,0j,0j,0j,0j,0j,0j,0j,0j,0j,0j,0j,0j,0j,0j,0j,0j,0j,0j,0j,0j,0j,0j,0j,0j,0j,0j,0j,0j,0j,0j,0j,0j,0j,0j,0j,0j,0j,0j,0j,0j,0j,0j,0j,0j,0j,0j,0j,0j,0j,0j,0j,0j,0j,0j,0j,0j,0j,0j,0j,0j,0j,0j,0j,0j,0j,0j,0j,0j,0j,0j,0j,0j,0j,0j,0j,0j,0j,0j,0j,0j,0j,0j,0j,0j,0j,0j,0j,0j,0j,0j,0j,0j,0j,0j,0j,0j,0j,0j,0j,0j,0j,0j,0j,0j,0j,0j,0j,0j,0j,0j,0j,0j,0j,0j,0j,0j,0j,0j,0j,0j,0j,0j,0j,0j,0j,0j,0j,0j,0j,0j,0j,0j,0j,0j,0j,0j,0j,0j,0j,0j,0j,0j,0j,0j,0j,0j,0j,0j,0j,0j,0j,0j,0j,0j,0j,0j,0j,0j,0j,0j,0j,0j,0j,0j,0j,0j,0j,0j,0j,0j,(-0.004328744533103074+0.19155855872010402j),0j,0j,0j,0j,0j,0j,0j,0j,0j,0j,0j,0j,0j,0j,0j,0j,0j,0j,0j,0j,0j,0j,0j,0j,0j,0j,0j,0j,0j,0j,0j,0j,0j,0j,0j,0j,0j,0j,0j,0j,0j,0j,0j,0j,0j,0j,0j,0j,0j,0j,0j,0j,0j,0j,0j,0j,0j,0j,0j,0j,0j,0j,0j,0j,0j,0j,0j,0j,0j,0j,0j,0j,0j,0j,0j,0j,0j,0j,0j,0j,0j,0j,0j,0j,0j,0j,0j,0j,0j,0j,0j,0j,0j,0j,0j,0j,0j,0j,0j,0j,0j,0j,0j,0j,0j,0j,0j,0j,0j,0j,0j,0j,0j,0j,0j,0j,0j,0j,0j,0j,0j,0j,0j,0j,0j,0j,0j,(-0.00432874453310338+0.19155855872010383j),0j,0j,0j,0j,0j,0j,0j,0j,0j,0j,0j,0j,0j,0j,0j,0j,0j,0j,0j,0j,0j,0j,0j,0j,0j,0j,0j,0j,0j,0j,0j,0j,0j,0j,0j,0j,0j,0j,0j,0j,0j,0j,0j,0j,0j,0j,0j,0j,0j,0j,0j,0j,0j,0j,0j,0j,0j,0j,0j,0j,0j,0j,0j,(-0.004328744533103584+0.19155855872010408j),0j,0j,0j,0j,0j,0j,0j,0j,0j,0j,0j,0j,0j,0j,0j,0j,0j,0j,0j,0j,0j,0j,0j,0j,0j,0j,0j,0j,0j,0j,0j,(-0.004328744533103621+0.19155855872010413j),0j,0j,0j,0j,0j,0j,0j,0j,0j,0j,0j,0j,0j,0j,0j,(-0.004328744533103445+0.1915585587201044j),0j,0j,0j,0j,0j,0j,0j,(-0.004328744533103926+0.19155855872010388j),0j,0j,0j,(-0.0043287445331031725+0.19155855872010336j),0j,(-0.0043287445331031205+0.19155855872010294j),(-0.004328744533103529+0.19155855872010255j),0j
4000,0j,0j,0j,0j,0j,0j,0j,0j,0j,0j,0j,0j,0j,0j,0j,0j,0j,0j,0j,0j,0j,0j,0j,0j,0j,0j,0j,0j,0j,0j,0j,0j,0j,0j,0j,0j,0j,0j,0j,0j,0j,0j,0j,0j,0j,0j,0j,0j,0j,0j,0j,0j,0j,0j,0j,0j,0j,0j,0j,0j,0j,0j,0j,0j,0j,0j,0j,0j,0j,0j,0j,0j,0j,0j,0j,0j,0j,0j,0j,0j,0j,0j,0j,0j,0j,0j,0j,0j,0j,0j,0j,0j,0j,0j,0j,0j,0j,0j,0j,0j,0j,0j,0j,0j,0j,0j,0j,0j,0j,0j,0j,0j,0j,0j,0j,0j,0j,0j,0j,0j,0j,0j,0j,0j,0j,0j,0j,0j,0j,0j,0j,0j,0j,0j,0j,0j,0j,0j,0j,0j,0j,0j,0j,0j,0j,0j,0j,0j,0j,0j,0j,0j,0j,0j,0j,0j,0j,0j,0j,0j,0j,0j,0j,0j,0j,0j,0j,0j,0j,0j,0j,0j,0j,0j,0j,0j,0j,0j,0j,0j,0j,0j,0j,0j,0j,0j,0j,0j,0j,0j,0j,0j,0j,0j,0j,0j,0j,0j,0j,0j,0j,0j,0j,0j,0j,0j,0j,0j,0j,0j,0j,0j,0j,0j,0j,0j,0j,0j,0j,0j,0j,0j,0j,0j,0j,0j,0j,0j,0j,0j,0j,0j,0j,0j,0j,0j,0j,0j,0j,0j,0j,0j,0j,0j,0j,0j,0j,0j,0j,0j,0j,0j,0j,0j,0j,0j,0j,0j,0j,0j,0j,0j,0j,0j,0j,0j,0j,0j,0j,0j,0j,0j,0j,0j,0j,0j,0j,0j,0j,0j,0j,0j,0j,0j,0j,0j,0j,0j,0j,0j,0j,0j,0j,0j,0j,0j,0j,0j,0j,0j,0j,0j,0j,0j,0j,0j,0j,0j,0j,0j,0j,0j,0j,0j,0j,0j,0j,0j,0j,0j,0j,0j,0j,0j,0j,0j,0j,0j,0j,0j,0j,0j,0j,0j,0j,0j,0j,0j,0j,0j,0j,0j,0j,0j,0j,0j,0j,0j,0j,0j,0j,0j,0j,0j,0j,0j,0j,0j,0j,0j,0j,0j,0j,0j,0j,0j,0j,0j,0j,0j,0j,0j,0j,0j,0j,0j,0j,0j,0j,0j,0j,0j,0j,0j,0j,0j,0j,0j,0j,0j,0j,0j,0j,0j,0j,0j,0j,0j,0j,0j,0j,0j,0j,0j,0j,0j,0j,0j,0j,0j,0j,0j,0j,0j,0j,0j,0j,0j,0j,0j,0j,0j,0j,0j,0j,0j,0j,0j,0j,0j,0j,0j,0j,0j,0j,0j,0j,0j,0j,0j,0j,0j,0j,0j,0j,0j,0j,0j,0j,0j,0j,0j,0j,0j,0j,0j,0j,0j,0j,0j,0j,0j,0j,0j,0j,0j,0j,0j,0j,0j,0j,0j,0j,0j,0j,0j,0j,0j,0j,0j,0j,0j,0j,0j,0j,0j,0j,0j,0j,0j,0j,0j,0j,0j,0j,0j,0j,0j,0j,0j,0j,0j,0j,0j,0j,0j,0j,0j,0j,0j,0j,(0.9382576627382377+0.28525847506919993j),0j,0j,0j,0j,0j,0j,0j,0j,0j,0j,0j,0j,0j,0j,0j,0j,0j,0j,0j,0j,0j,0j,0j,0j,0j,0j,0j,0j,0j,0j,0j,0j,0j,0j,0j,0j,0j,0j,0j,0j,0j,0j,0j,0j,0j,0j,0j,0j,0j,0j,0j,0j,0j,0j,0j,0j,0j,0j,0j,0j,0j,0j,0j,0j,0j,0j,0j,0j,0j,0j,0j,0j,0j,0j,0j,0j,0j,0j,0j,0j,0j,0j,0j,0j,0j,0j,0j,0j,0j,0j,0j,0j,0j,0j,0j,0j,0j,0j,0j,0j,0j,0j,0j,0j,0j,0j,0j,0j,0j,0j,0j,0j,0j,0j,0j,0j,0j,0j,0j,0j,0j,0j,0j,0j,0j,0j,0j,0j,0j,0j,0j,0j,0j,0j,0j,0j,0j,0j,0j,0j,0j,0j,0j,0j,0j,0j,0j,0j,0j,0j,0j,0j,0j,0j,0j,0j,0j,0j,0j,0j,0j,0j,0j,0j,0j,0j,0j,0j,0j,0j,0j,0j,0j,0j,0j,0j,0j,0j,0j,0j,0j,0j,0j,0j,0j,0j,0j,0j,0j,0j,0j,0j,0j,0j,0j,0j,0j,0j,0j,0j,0j,0j,0j,0j,0j,0j,0j,0j,0j,0j,0j,0j,0j,0j,0j,0j,0j,0j,0j,0j,0j,0j,0j,0j,0j,0j,0j,0j,0j,0j,0j,0j,0j,0j,0j,0j,0j,0j,0j,0j,0j,0j,0j,0j,0j,0j,0j,0j,0j,0j,0j,0j,0j,0j,0j,(0.0016842603196581757-0.06521301005063515j),0j,0j,0j,0j,0j,0j,0j,0j,0j,0j,0j,0j,0j,0j,0j,0j,0j,0j,0j,0j,0j,0j,0j,0j,0j,0j,0j,0j,0j,0j,0j,0j,0j,0j,0j,0j,0j,0j,0j,0j,0j,0j,0j,0j,0j,0j,0j,0j,0j,0j,0j,0j,0j,0j,0j,0j,0j,0j,0j,0j,0j,0j,0j,0j,0j,0j,0j,0j,0j,0j,0j,0j,0j,0j,0j,0j,0j,0j,0j,0j,0j,0j,0j,0j,0j,0j,0j,0j,0j,0j,0j,0j,0j,0j,0j,0j,0j,0j,0j,0j,0j,0j,0j,0j,0j,0j,0j,0j,0j,0j,0j,0j,0j,0j,0j,0j,0j,0j,0j,0j,0j,0j,0j,0j,0j,0j,0j,(0.0016842603196581842-0.06521301005063544j),0j,0j,0j,0j,0j,0j,0j,0j,0j,0j,0j,0j,0j,0j,0j,0j,0j,0j,0j,0j,0j,0j,0j,0j,0j,0j,0j,0j,0j,0j,0j,0j,0j,0j,0j,0j,0j,0j,0j,0j,0j,0j,0j,0j,0j,0j,0j,0j,0j,0j,0j,0j,0j,0j,0j,0j,0j,0j,0j,0j,0j,0j,0j,(0.001684260319658351-0.06521301005063576j),0j,0j,0j,0j,0j,0j,0j,0j,0j,0j,0j,0j,0j,0j,0j,0j,0j,0j,0j,0j,0j,0j,0j,0j,0j,0j,0j,0j,0j,0j,0j,(0.0016842603196582878-0.06521301005063579j),0j,0j,0j,0j,0j,0j,0j,0j,0j,0j,0j,0j,0j,0j,0j,(0.001684260319658376-0.06521301005063578j),0j,0j,0j,0j,0j,0j,0j,(0.0016842603196582306-0.0652130100506361j),0j,0j,0j,(0.0016842603196581694-0.06521301005063507j),0j,(0.0016842603196582245-0.06521301005063487j),(0.0016842603196584446-0.06521301005063532j),0j
4500,0j,0j,0j,0j,0j,0j,0j,0j,0j,0j,0j,0j,0j,0j,0j,0j,0j,0j,0j,0j,0j,0j,0j,0j,0j,0j,0j,0j,0j,0j,0j,0j,0j,0j,0j,0j,0j,0j,0j,0j,0j,0j,0j,0j,0j,0j,0j,0j,0j,0j,0j,0j,0j,0j,0j,0j,0j,0j,0j,0j,0j,0j,0j,0j,0j,0j,0j,0j,0j,0j,0j,0j,0j,0j,0j,0j,0j,0j,0j,0j,0j,0j,0j,0j,0j,0j,0j,0j,0j,0j,0j,0j,0j,0j,0j,0j,0j,0j,0j,0j,0j,0j,0j,0j,0j,0j,0j,0j,0j,0j,0j,0j,0j,0j,0j,0j,0j,0j,0j,0j,0j,0j,0j,0j,0j,0j,0j,0j,0j,0j,0j,0j,0j,0j,0j,0j,0j,0j,0j,0j,0j,0j,0j,0j,0j,0j,0j,0j,0j,0j,0j,0j,0j,0j,0j,0j,0j,0j,0j,0j,0j,0j,0j,0j,0j,0j,0j,0j,0j,0j,0j,0j,0j,0j,0j,0j,0j,0j,0j,0j,0j,0j,0j,0j,0j,0j,0j,0j,0j,0j,0j,0j,0j,0j,0j,0j,0j,0j,0j,0j,0j,0j,0j,0j,0j,0j,0j,0j,0j,0j,0j,0j,0j,0j,0j,0j,0j,0j,0j,0j,0j,0j,0j,0j,0j,0j,0j,0j,0j,0j,0j,0j,0j,0j,0j,0j,0j,0j,0j,0j,0j,0j,0j,0j,0j,0j,0j,0j,0j,0j,0j,0j,0j,0j,0j,0j,0j,0j,0j,0j,0j,0j,0j,0j,0j,0j,0j,0j,0j,0j,0j,0j,0j,0j,0j,0j,0j,0j,0j,0j,0j,0j,0j,0j,0j,0j,0j,0j,0j,0j,0j,0j,0j,0j,0j,0j,0j,0j,0j,0j,0j,0j,0j,0j,0j,0j,0j,0j,0j,0j,0j,0j,0j,0j,0j,0j,0j,0j,0j,0j,0j,0j,0j,0j,0j,0j,0j,0j,0j,0j,0j,0j,0j,0j,0j,0j,0j,0j,0j,0j,0j,0j,0j,0j,0j,0j,0j,0j,0j,0j,0j,0j,0j,0j,0j,0j,0j,0j,0j,0j,0j,0j,0j,0j,0j,0j,0j,0j,0j,0j,0j,0j,0j,0j,0j,0j,0j,0j,0j,0j,0j,0j,0j,0j,0j,0j,0j,0j,0j,0j,0j,0j,0j,0j,0j,0j,0j,0j,0j,0j,0j,0j,0j,0j,0j,0j,0j,0j,0j,0j,0j,0j,0j,0j,0j,0j,0j,0j,0j,0j,0j,0j,0j,0j,0j,0j,0j,0j,0j,0j,0j,0j,0j,0j,0j,0j,0j,0j,0j,0j,0j,0j,0j,0j,0j,0j,0j,0j,0j,0j,0j,0j,0j,0j,0j,0j,0j,0j,0j,0j,0j,0j,0j,0j,0j,0j,0j,0j,0j,0j,0j,0j,0j,0j,0j,0j,0j,0j,0j,0j,0j,0j,0j,0j,0j,0j,0j,0j,0j,0j,0j,0j,0j,0j,0j,0j,0j,0j,0j,0j,0j,0j,0j,0j,0j,0j,0j,0j,0j,0j,0j,(-0.38661897802933193+0.7338419174001959j),0j,0j,0j,0j,0j,0j,0j,0j,0j,0j,0j,0j,0j,0j,0j,0j,0j,0j,0j,0j,0j,0j,0j,0j,0j,0j,0j,0j,0j,0j,0j,0j,0j,0j,0j,0j,0j,0j,0j,0j,0j,0j,0j,0j,0j,0j,0j,0j,0j,0j,0j,0j,0j,0j,0j,0j,0j,0j,0j,0j,0j,0j,0j,0j,0j,0j,0j,0j,0j,0j,0j,0j,0j,0j,0j,0j,0j,0j,0j,0j,0j,0j,0j,0j,0j,0j,0j,0j,0j,0j,0j,0j,0j,0j,0j,0j,0j,0j,0j,0j,0j,0j,0j,0j,0j,0j,0j,0j,0j,0j,0j,0j,0j,0j,0j,0j,0j,0j,0j,0j,0j,0j,0j,0j,0j,0j,0j,0j,0j,0j,0j,0j,0j,0j,0j,0j,0j,0j,0j,0j,0j,0j,0j,0j,0j,0j,0j,0j,0j,0j,0j,0j,0j,0j,0j,0j,0j,0j,0j,0j,0j,0j,0j,0j,0j,0j,0j,0j,0j,0j,0j,0j,0j,0j,0j,0j,0j,0j,0j,0j,0j,0j,0j,0j,0j,0j,0j,0j,0j,0j,0j,0j,0j,0j,0j,0j,0j,0j,0j,0j,0j,0j,0j,0j,0j,0j,0j,0j,0j,0j,0j,0j,0j,0j,0j,0j,0j,0j,0j,0j,0j,0j,0j,0j,0j,0j,0j,0j,0j,0j,0j,0j,0j,0j,0j,0j,0j,0j,0j,0j,0j,0j,0j,0j,0j,0j,0j,0j,0j,0j,0j,0j,0j,0j,0j,(0.005407881611269286-0.18611185389505772j),0j,0j,0j,0j,0j,0j,0j,0j,0j,0j,0j,0j,0j,0j,0j,0j,0j,0j,0j,0j,0j,0j,0j,0j,0j,0j,0j,0j,0j,0j,0j,0j,0j,0j,0j,0j,0j,0j,0j,0j,0j,0j,0j,0j,0j,0j,0j,0j,0j,0j,0j,0j,0j,0j,0j,0j,0j,0j,0j,0j,0j,0j,0j,0j,0j,0j,0j,0j,0j,0j,0j,0j,0j,0j,0j,0j,0j,0j,0j,0j,0j,0j,0j,0j,0j,0j,0j,0j,0j,0j,0j,0j,0j,0j,0j,0j,0j,0j,0j,0j,0j,0j,0j,0j,0j,0j,0j,0j,0j,0j,0j,0j,0j,0j,0j,0j,0j,0j,0j,0j,0j,0j,0j,0j,0j,0j,0j,(0.005407881611269682-0.1861118538950574j),0j,0j,0j,0j,0j,0j,0j,0j,0j,0j,0j,0j,0j,0j,0j,0j,0j,0j,0j,0j,0j,0j,0j,0j,0j,0j,0j,0j,0j,0j,0j,0j,0j,0j,0j,0j,0j,0j,0j,0j,0j,0j,0j,0j,0j,0j,0j,0j,0j,0j,0j,0j,0j,0j,0j,0j,0j,0j,0j,0j,0j,0j,0j,(0.005407881611269791-0.18611185389505763j),0j,0j,0j,0j,0j,0j,0j,0j,0j,0j,0j,0j,0j,0j,0j,0j,0j,0j,0j,0j,0j,0j,0j,0j,0j,0j,0j,0j,0j,0j,0j,(0.005407881611269879-0.1861118538950577j),0j,0j,0j,0j,0j,0j,0j,0j,0j,0j,0j,0j,0j,0j,0j,(0.005407881611269833-0.18611185389505788j),0j,0j,0j,0j,0j,0j,0j,(0.005407881611270343-0.18611185389505755j),0j,0j,0j,(0.005407881611269307-0.18611185389505694j),0j,(0.00540788161126921-0.18611185389505658j),(0.005407881611269813-0.18611185389505616j),0j
5000,0j,0j,0j,0j,0j,0j,0j,0j,0j,0j,0j,0j,0j,0j,0j,0j,0j,0j,0j,0j,0j,0j,0j,0j,0j,0j,0j,0j,0j,0j,0j,0j,0j,0j,0j,0j,0j,0j,0j,0j,0j,0j,0j,0j,0j,0j,0j,0j,0j,0j,0j,0j,0j,0j,0j,0j,0j,0j,0j,0j,0j,0j,0j,0j,0j,0j,0j,0j,0j,0j,0j,0j,0j,0j,0j,0j,0j,0j,0j,0j,0j,0j,0j,0j,0j,0j,0j,0j,0j,0j,0j,0j,0j,0j,0j,0j,0j,0j,0j,0j,0j,0j,0j,0j,0j,0j,0j,0j,0j,0j,0j,0j,0j,0j,0j,0j,0j,0j,0j,0j,0j,0j,0j,0j,0j,0j,0j,0j,0j,0j,0j,0j,0j,0j,0j,0j,0j,0j,0j,0j,0j,0j,0j,0j,0j,0j,0j,0j,0j,0j,0j,0j,0j,0j,0j,0j,0j,0j,0j,0j,0j,0j,0j,0j,0j,0j,0j,0j,0j,0j,0j,0j,0j,0j,0j,0j,0j,0j,0j,0j,0j,0j,0j,0j,0j,0j,0j,0j,0j,0j,0j,0j,0j,0j,0j,0j,0j,0j,0j,0j,0j,0j,0j,0j,0j,0j,0j,0j,0j,0j,0j,0j,0j,0j,0j,0j,0j,0j,0j,0j,0j,0j,0j,0j,0j,0j,0j,0j,0j,0j,0j,0j,0j,0j,0j,0j,0j,0j,0j,0j,0j,0j,0j,0j,0j,0j,0j,0j,0j,0j,0j,0j,0j,0j,0j,0j,0j,0j,0j,0j,0j,0j,0j,0j,0j,0j,0j,0j,0j,0j,0j,0j,0j,0j,0j,0j,0j,0j,0j,0j,0j,0j,0j,0j,0j,0j,0j,0j,0j,0j,0j,0j,0j,0j,0j,0j,0j,0j,0j,0j,0j,0j,0j,0j,0j,0j,0j,0j,0j,0j,0j,0j,0j,0j,0j,0j,0j,0j,0j,0j,0j,0j,0j,0j,0j,0j,0j,0j,0j,0j,0j,0j,0j,0j,0j,0j,0j,0j,0j,0j,0j,0j,0j,0j,0j,0j,0j,0j,0j,0j,0j,0j,0j,0j,0j,0j,0j,0j,0j,0j,0j,0j,0j,0j,0j,0j,0j,0j,0j,0j,0j,0j,0j,0j,0j,0j,0j,0j,0j,0j,0j,0j,0j,0j,0j,0j,0j,0j,0j,0j,0j,0j,0j,0j,0j,0j,0j,0j,0j,0j,0j,0j,0j,0j,0j,0j,0j,0j,0j,0j,0j,0j,0j,0j,0j,0j,0j,0j,0j,0j,0j,0j,0j,0j,0j,0j,0j,0j,0j,0j,0j,0j,0j,0j,0j,0j,0j,0j,0j,0j,0j,0j,0j,0j,0j,0j,0j,0j,0j,0j,0j,0j,0j,0j,0j,0j,0j,0j,0j,0j,0j,0j,0j,0j,0j,0j,0j,0j,0j,0j,0j,0j,0j,0j,0j,0j,0j,0j,0j,0j,0j,0j,0j,0j,0j,0j,0j,0j,0j,0j,0j,0j,0j,0j,0j,0j,0j,0j,0j,0j,0j,0j,0j,0j,0j,0j,0j,0j,0j,0j,0j,(-0.9040955573917083-0.3521431126330724j),0j,0j,0j,0j,0j,0j,0j,0j,0j,0j,0j,0j,0j,0j,0j,0j,0j,0j,0j,0j,0j,0j,0j,0j,0j,0j,0j,0j,0j,0j,0j,0j,0j,0j,0j,0j,0j,0j,0j,0j,0j,0j,0j,0j,0j,0j,0j,0j,0j,0j,0j,0j,0j,0j,0j,0j,0j,0j,0j,0j,0j,0j,0j,0j,0j,0j,0j,0j,0j,0j,0j,0j,0j,0j,0j,0j,0j,0j,0j,0j,0j,0j,0j,0j,0j,0j,0j,0j,0j,0j,0j,0j,0j,0j,0j,0j,0j,0j,0j,0j,0j,0j,0j,0j,0j,0j,0j,0j,0j,0j,0j,0j,0j,0j,0j,0j,0j,0j,0j,0j,0j,0j,0j,0j,0j,0j,0j,0j,0j,0j,0j,0j,0j,0j,0j,0j,0j,0j,0j,0j,0j,0j,0j,0j,0j,0j,0j,0j,0j,0j,0j,0j,0j,0j,0j,0j,0j,0j,0j,0j,0j,0j,0j,0j,0j,0j,0j,0j,0j,0j,0j,0j,0j,0j,0j,0j,0j,0j,0j,0j,0j,0j,0j,0j,0j,0j,0j,0j,0j,0j,0j,0j,0j,0j,0j,0j,0j,0j,0j,0j,0j,0j,0j,0j,0j,0j,0j,0j,0j,0j,0j,0j,0j,0j,0j,0j,0j,0j,0j,0j,0j,0j,0j,0j,0j,0j,0j,0j,0j,0j,0j,0j,0j,0j,0j,0j,0j,0j,0j,0j,0j,0j,0j,0j,0j,0j,0j,0j,0j,0j,0j,0j,0j,0j,0j,(-0.002604141007878146+0.08065386770102193j),0j,0j,0j,0j,0j,0j,0j,0j,0j,0j,0j,0j,0j,0j,0j,0j,0j,0j,0j,0j,0j,0j,0j,0j,0j,0j,0j,0j,0j,0j,0j,0j,0j,0j,0j,0j,0j,0j,0j,0j,0j,0j,0j,0j,0j,0j,0j,0j,0j,0j,0j,0j,0j,0j,0j,0j,0j,0j,0j,0j,0j,0j,0j,0j,0j,0j,0j,0j,0j,0j,0j,0j,0j,0j,0j,0j,0j,0j,0j,0j,0j,0j,0j,0j,0j,0j,0j,0j,0j,0j,0j,0j,0j,0j,0j,0j,0j,0j,0j,0j,0j,0j,0j,0j,0j,0j,0j,0j,0j,0j,0j,0j,0j,0j,0j,0j,0j,0j,0j,0j,0j,0j,0j,0j,0j,0j,0j,(-0.0026041410078781846+0.08065386770102226j),0j,0j,0j,0j,0j,0j,0j,0j,0j,0j,0j,0j,0j,0j,0j,0j,0j,0j,0j,0j,0j,0j,0j,0j,0j,0j,0j,0j,0j,0j,0j,0j,0j,0j,0j,0j,0j,0j,0j,0j,0j,0j,0j,0j,0j,0j,0j,0j,0j,0j,0j,0j,0j,0j,0j,0j,0j,0j,0j,0j,0j,0j,0j,(-0.0026041410078783303+0.08065386770102252j),0j,0j,0j,0j,0j,0j,0j,0j,0j,0j,0j,0j,0j,0j,0j,0j,0j,0j,0j,0j,0j,0j,0j,0j,0j,0j,0j,0j,0j,0j,0j,(-0.002604141007878376+0.08065386770102265j),0j,0j,0j,0j,0j,0j,0j,0j,0j,0j,0j,0j,0j,0j,0j,(-0.0026041410078784426+0.08065386770102273j),0j,0j,0j,0j,0j,0j,0j,(-0.0026041410078781924+0.08065386770102305j),0j,0j,0j,(-0.0026041410078779747+0.08065386770102156j),0j,(-0.002604141007878073+0.0806538677010214j),(-0.0026041410078782388+0.08065386770102184j),0j
5500,0j,0j,0j,0j,0j,0j,0j,0j,0j,0j,0j,0j,0j,0j,0j,0j,0j,0j,0j,0j,0j,0j,0j,0j,0j,0j,0j,0j,0j,0j,0j,0j,0j,0j,0j,0j,0j,0j,0j,0j,0j,0j,0j,0j,0j,0j,0j,0j,0j,0j,0j,0j,0j,0j,0j,0j,0j,0j,0j,0j,0j,0j,0j,0j,0j,0j,0j,0j,0j,0j,0j,0j,0j,0j,0j,0j,0j,0j,0j,0j,0j,0j,0j,0j,0j,0j,0j,0j,0j,0j,0j,0j,0j,0j,0j,0j,0j,0j,0j,0j,0j,0j,0j,0j,0j,0j,0j,0j,0j,0j,0j,0j,0j,0j,0j,0j,0j,0j,0j,0j,0j,0j,0j,0j,0j,0j,0j,0j,0j,0j,0j,0j,0j,0j,0j,0j,0j,0j,0j,0j,0j,0j,0j,0j,0j,0j,0j,0j,0j,0j,0j,0j,0j,0j,0j,0j,0j,0j,0j,0j,0j,0j,0j,0j,0j,0j,0j,0j,0j,0j,0j,0j,0j,0j,0j,0j,0j,0j,0j,0j,0j,0j,0j,0j,0j,0j,0j,0j,0j,0j,0j,0j,0j,0j,0j,0j,0j,0j,0j,0j,0j,0j,0j,0j,0j,0j,0j,0j,0j,0j,0j,0j,0j,0j,0j,0j,0j,0j,0j,0j,0j,0j,0j,0j,0j,0j,0j,0j,0j,0j,0j,0j,0j,0j,0j,0j,0j,0j,0j,0j,0j,0j,0j,0j,0j,0j,0j,0j,0j,0j,0j,0j,0j,0j,0j,0j,0j,0j,0j,0j,0j,0j,0j,0j,0j,0j,0j,0j,0j,0j,0j,0j,0j,0j,0j,0j,0j,0j,0j,0j,0j,0j,0j,0j,0j,0j,0j,0j,0j,0j,0j,0j,0j,0j,0j,0j,0j,0j,0j,0j,0j,0j,0j,0j,0j,0j,0j,0j,0j,0j,0j,0j,0j,0j,0j,0j,0j,0j,0j,0j,0j,0j,0j,0j,0j,0j,0j,0j,0j,0j,0j,0j,0j,0j,0j,0j,0j,0j,0j,0j,0j,0j,0j,0j,0j,0j,0j,0j,0j,0j,0j,0j,0j,0j,0j,0j,0j,0j,0j,0j,0j,0j,0j,0j,0j,0j,0j,0j,0j,0j,0j,0j,0j,0j,0j,0j,0j,0j,0j,0j,0j,0j,0j,0j,0j,0j,0j,0j,0j,0j,0j,0j,0j,0j,0j,0j,0j,0j,0j,0j,0j,0j,0j,0j,0j,0j,0j,0j,0j,0j,0j,0j,0j,0j,0j,0j,0j,0j,0j,0j,0j,0j,0j,0j,0j,0j,0j,0j,0j,0j,0j,0j,0j,0j,0j,0j,0j,0j,0j,0j,0j,0j,0j,0j,0j,0j,0j,0j,0j,0j,0j,0j,0j,0j,0j,0j,0j,0j,0j,0j,0j,0j,0j,0j,0j,0j,0j,0j,0j,0j,0j,0j,0j,0j,0j,0j,0j,0j,0j,0j,0j,0j,0j,0j,0j,0j,0j,0j,0j,0j,0j,0j,0j,0j,0j,0j,0j,0j,0j,0j,0j,0j,0j,0j,0j,0j,0j,0j,0j,0j,0j,(0.46632887043375526-0.7018469689909967j),0j,0j,0j,0j,0j,0j,0j,0j,0j,0j,0j,0j,0j,0j,0j,0j,0j,0j,0j,0j,0j,0j,0j,0j,0j,0j,0j,0j,0j,0j,0j,0j,0j,0j,0j,0j,0j,0j,0j,0j,0j,0j,0j,0j,0j,0j,0j,0j,0j,0j,0j,0j,0j,0j,0j,0j,0j,0j,0j,0j,0j,0j,0j,0j,0j,0j,0j,0j,0j,0j,0j,0j,0j,0j,0j,0j,0j,0j,0j,0j,0j,0j,0j,0j,0j,0j,0j,0j,0j,0j,0j,0j,0j,0j,0j,0j,0j,0j,0j,0j,0j,0j,0j,0j,0j,0j,0j,0j,0j,0j,0j,0j,0j,0j,0j,0j,0j,0j,0j,0j,0j,0j,0j,0j,0j,0j,0j,0j,0j,0j,0j,0j,0j,0j,0j,0j,0j,0j,0j,0j,0j,0j,0j,0j,0j,0j,0j,0j,0j,0j,0j,0j,0j,0j,0j,0j,0j,0j,0j,0j,0j,0j,0j,0j,0j,0j,0j,0j,0j,0j,0j,0j,0j,0j,0j,0j,0j,0j,0j,0j,0j,0j,0j,0j,0j,0j,0j,0j,0j,0j,0j,0j,0j,0j,0j,0j,0j,0j,0j,0j,0j,0j,0j,0j,0j,0j,0j,0j,0j,0j,0j,0j,0j,0j,0j,0j,0j,0j,0j,0j,0j,0j,0j,0j,0j,0j,0j,0j,0j,0j,0j,0j,0j,0j,0j,0j,0j,0j,0j,0j,0j,0j,0j,0j,0j,0j,0j,0j,0j,0j,0j,0j,0j,0j,0j,(-0.006371311715990671+0.17937634992177515j),0j,0j,0j,0j,0j,0j,0j,0j,0j,0j,0j,0j,0j,0j,0j,0j,0j,0j,0j,0j,0j,0j,0j,0j,0j,0j,0j,0j,0j,0j,0j,0j,0j,0j,0j,0j,0j,0j,0j,0j,0j,0j,0j,0j,0j,0j,0j,0j,0j,0j,0j,0j,0j,0j,0j,0j,0j,0j,0j,0j,0j,0j,0j,0j,0j,0j,0j,0j,0j,0j,0j,0j,0j,0j,0j,0j,0j,0j,0j,0j,0j,0j,0j,0j,0j,0j,0j,0j,0j,0j,0j,0j,0j,0j,0j,0j,0j,0j,0j,0j,0j,0j,0j,0j,0j,0j,0j,0j,0j,0j,0j,0j,0j,0j,0j,0j,0j,0j,0j,0j,0j,0j,0j,0j,0j,0j,0j,(-0.006371311715991103+0.17937634992177462j),0j,0j,0j,0j,0j,0j,0j,0j,0j,0j,0j,0j,0j,0j,0j,0j,0j,0j,0j,0j,0j,0j,0j,0j,0j,0j,0j,0j,0j,0j,0j,0j,0j,0j,0j,0j,0j,0j,0j,0j,0j,0j,0j,0j,0j,0j,0j,0j,0j,0j,0j,0j,0j,0j,0j,0j,0j,0j,0j,0j,0j,0j,0j,(-0.006371311715991177+0.17937634992177495j),0j,0j,0j,0j,0j,0j,0j,0j,0j,0j,0j,0j,0j,0j,0j,0j,0j,0j,0j,0j,0j,0j,0j,0j,0j,0j,0j,0j,0j,0j,0j,(-0.006371311715991279+0.1793763499217749j),0j,0j,0j,0j,0j,0j,0j,0j,0j,0j,0j,0j,0j,0j,0j,(-0.006371311715991271+0.17937634992177512j),0j,0j,0j,0j,0j,0j,0j,(-0.006371311715991879+0.17937634992177473j),0j,0j,0j,(-0.00637131171599054+0.17937634992177454j),0j,(-0.006371311715990523+0.17937634992177415j),(-0.0063713117159910895+0.1793763499217737j),0j
6000,0j,0j,0j,0j,0j,0j,0j,0j,0j,0j,0j,0j,0j,0j,0j,0j,0j,0j,0j,0j,0j,0j,0j,0j,0j,0j,0j,0j,0j,0j,0j,0j,0j,0j,0j,0j,0j,0j,0j,0j,0j,0j,0j,0j,0j,0j,0j,0j,0j,0j,0j,0j,0j,0j,0j,0j,0j,0j,0j,0j,0j,0j,0j,0j,0j,0j,0j,0j,0j,0j,0j,0j,0j,0j,0j,0j,0j,0j,0j,0j,0j,0j,0j,0j,0j,0j,0j,0j,0j,0j,0j,0j,0j,0j,0j,0j,0j,0j,0j,0j,0j,0j,0j,0j,0j,0j,0j,0j,0j,0j,0j,0j,0j,0j,0j,0j,0j,0j,0j,0j,0j,0j,0j,0j,0j,0j,0j,0j,0j,0j,0j,0j,0j,0j,0j,0j,0j,0j,0j,0j,0j,0j,0j,0j,0j,0j,0j,0j,0j,0j,0j,0j,0j,0j,0j,0j,0j,0j,0j,0j,0j,0j,0j,0j,0j,0j,0j,0j,0j,0j,0j,0j,0j,0j,0j,0j,0j,0j,0j,0j,0j,0j,0j,0j,0j,0j,0j,0j,0j,0j,0j,0j,0j,0j,0j,0j,0j,0j,0j,0j,0j,0j,0j,0j,0j,0j,0j,0j,0j,0j,0j,0j,0j,0j,0j,0j,0j,0j,0j,0j,0j,0j,0j,0j,0j,0j,0j,0j,0j,0j,0j,0j,0j,0j,0j,0j,0j,0j,0j,0j,0j,0j,0j,0j,0j,0j,0j,0j,0j,0j,0j,0j,0j,0j,0j,0j,0j,0j,0j,0j,0j,0j,0j,0j,0j,0j,0j,0j,0j,0j,0j,0j,0j,0j,0j,0j,0j,0j,0j,0j,0j,0j,0j,0j,0j,0j,0j,0j,0j,0j,0j,0j,0j,0j,0j,0j,0j,0j,0j,0j,0j,0j,0j,0j,0j,0j,0j,0j,0j,0j,0j,0j,0j,0j,0j,0j,0j,0j,0j,0j,0j,0j,0j,0j,0j,0j,0j,0j,0j,0j,0j,0j,0j,0j,0j,0j,0j,0j,0j,0j,0j,0j,0j,0j,0j,0j,0j,0j,0j,0j,0j,0j,0j,0j,0j,0j,0j,0j,0j,0j,0j,0j,0j,0j,0j,0j,0j,0j,0j,0j,0j,0j,0j,0j,0j,0j,0j,0j,0j,0j,0j,0j,0j,0j,0j,0j,0j,0j,0j,0j,0j,0j,0j,0j,0j,0j,0j,0j,0j,0j,0j,0j,0j,0j,0j,0j,0j,0j,0j,0j,0j,0j,0j,0j,0j,0j,0j,0j,0j,0j,0j,0j,0j,0j,0j,0j,0j,0j,0j,0j,0j,0j,0j,0j,0j,0j,0j,0j,0j,0j,0j,0j,0j,0j,0j,0j,0j,0j,0j,0j,0j,0j,0j,0j,0j,0j,0j,0j,0j,0j,0j,0j,0j,0j,0j,0j,0j,0j,0j,0j,0j,0j,0j,0j,0j,0j,0j,0j,0j,0j,0j,0j,0j,0j,0j,0j,0j,0j,0j,0j,0j,0j,0j,0j,0j,0j,0j,0j,0j,0j,0j,0j,0j,0j,0j,0j,0j,0j,0j,0j,0j,(0.8628919517737568+0.41612763857877666j),0j,0j,0j,0j,0j,0j,0j,0j,0j,0j,0j,0j,0j,0j,0j,0j,0j,0j,0j,0j,0j,0j,0j,0j,0j,0j,0j,0j,0j,0j,0j,0j,0j,0j,0j,0j,0j,0j,0j,0j,0j,0j,0j,0j,0j,0j,0j,0j,0j,0j,0j,0j,0j,0j,0j,0j,0j,0j,0j,0j,0j,0j,0j,0j,0j,0j,0j,0j,0j,0j,0j,0j,0j,0j,0j,0j,0j,0j,0j,0j,0j,0j,0j,0j,0j,0j,0j,0j,0j,0j,0j,0j,0j,0j,0j,0j,0j,0j,0j,0j,0j,0j,0j,0j,0j,0j,0j,0j,0j,0j,0j,0j,0j,0j,0j,0j,0j,0j,0j,0j,0j,0j,0j,0j,0j,0j,0j,0j,0j,0j,0j,0j,0j,0j,0j,0j,0j,0j,0j,0j,0j,0j,0j,0j,0j,0j,0j,0j,0j,0j,0j,0j,0j,0j,0j,0j,0j,0j,0j,0j,0j,0j,0j,0j,0j,0j,0j,0j,0j,0j,0j,0j,0j,0j,0j,0j,0j,0j,0j,0j,0j,0j,0j,0j,0j,0j,0j,0j,0j,0j,0j,0j,0j,0j,0j,0j,0j,0j,0j,0j,0j,0j,0j,0j,0j,0j,0j,0j,0j,0j,0j,0j,0j,0j,0j,0j,0j,0j,0j,0j,0j,0j,0j,0j,0j,0j,0j,0j,0j,0j,0j,0j,0j,0j,0j,0j,0j,0j,0j,0j,0j,0j,0j,0j,0j,0j,0j,0j,0j,0j,0j,0j,0j,0j,0j,(0.0037018746502122347-0.09552889794986495j),0j,0j,0j,0j,0j,0j,0j,0j,0j,0j,0j,0j,0j,0j,0j,0j,0j,0j,0j,0j,0j,0j,0j,0j,0j,0j,0j,0j,0j,0j,0j,0j,0j,0j,0j,0j,0j,0j,0j,0j,0j,0j,0j,0j,0j,0j,0j,0j,0j,0j,0j,0j,0j,0j,0j,0j,0j,0j,0j,0j,0j,0j,0j,0j,0j,0j,0j,0j,0j,0j,0j,0j,0j,0j,0j,0j,0j,0j,0j,0j,0j,0j,0j,0j,0j,0j,0j,0j,0j,0j,0j,0j,0j,0j,0j,0j,0j,0j,0j,0j,0j,0j,0j,0j,0j,0j,0j,0j,0j,0j,0j,0j,0j,0j,0j,0j,0j,0j,0j,0j,0j,0j,0j,0j,0j,0j,0j,(0.0037018746502125804-0.09552889794986544j),0j,0j,0j,0j,0j,0j,0j,0j,0j,0j,0j,0j,0j,0j,0j,0j,0j,0j,0j,0j,0j,0j,0j,0j,0j,0j,0j,0j,0j,0j,0j,0j,0j,0j,0j,0j,0j,0j,0j,0j,0j,0j,0j,0j,0j,0j,0j,0j,0j,0j,0j,0j,0j,0j,0j,0j,0j,0j,0j,0j,0j,0j,0j,(0.003701874650212596-0.0955288979498656j),0j,0j,0j,0j,0j,0j,0j,0j,0j,0j,0j,0j,0j,0j,0j,0j,0j,0j,0j,0j,0j,0j,0j,0j,0j,0j,0j,0j,0j,0j,0j,(0.0037018746502126628-0.09552889794986573j),0j,0j,0j,0j,0j,0j,0j,0j,0j,0j,0j,0j,0j,0j,0j,(0.003701874650212759-0.09552889794986587j),0j,0j,0j,0j,0j,0j,0j,(0.003701874650212704-0.09552889794986631j),0j,0j,0j,(0.0037018746502122126-0.09552889794986458j),0j,(0.003701874650212371-0.09552889794986451j),(0.0037018746502124403-0.09552889794986495j),0j
6500,0j,0j,0j,0j,0j,0j,0j,0j,0j,0j,0j,0j,0j,0j,0j,0j,0j,0j,0j,0j,0j,0j,0j,0j,0j,0j,0j,0j,0j,0j,0j,0j,0j,0j,0j,0j,0j,0j,0j,0j,0j,0j,0j,0j,0j,0j,0j,0j,0j,0j,0j,0j,0j,0j,0j,0j,0j,0j,0j,0j,0j,0j,0j,0j,0j,0j,0j,0j,0j,0j,0j,0j,0j,0j,0j,0j,0j,0j,0j,0j,0j,0j,0j,0j,0j,0j,0j,0j,0j,0j,0j,0j,0j,0j,0j,0j,0j,0j,0j,0j,0j,0j,0j,0j,0j,0j,0j,0j,0j,0j,0j,0j,0j,0j,0j,0j,0j,0j,0j,0j,0j,0j,0j,0j,0j,0j,0j,0j,0j,0j,0j,0j,0j,0j,0j,0j,0j,0j,0j,0j,0j,0j,0j,0j,0j,0j,0j,0j,0j,0j,0j,0j,0j,0j,0j,0j,0j,0j,0j,0j,0j,0j,0j,0j,0j,0j,0j,0j,0j,0j,0j,0j,0j,0j,0j,0j,0j,0j,0j,0j,0j,0j,0j,0j,0j,0j,0j,0j,0j,0j,0j,0j,0j,0j,0j,0j,0j,0j,0j,0j,0j,0j,0j,0j,0j,0j,0j,0j,0j,0j,0j,0j,0j,0j,0j,0j,0j,0j,0j,0j,0j,0j,0j,0j,0j,0j,0j,0j,0j,0j,0j,0j,0j,0j,0j,0j,0j,0j,0j,0j,0j,0j,0j,0j,0j,0j,0j,0j,0j,0j,0j,0j,0j,0j,0j,0j,0j,0j,0j,0j,0j,0j,0j,0j,0j,0j,0j,0j,0j,0j,0j,0j,0j,0j,0j,0j,0j,0j,0j,0j,0j,0j,0j,0j,0j,0j,0j,0j,0j,0j,0j,0j,0j,0j,0j,0j,0j,0j,0j,0j,0j,0j,0j,0j,0j,0j,0j,0j,0j,0j,0j,0j,0j,0j,0j,0j,0j,0j,0j,0j,0j,0j,0j,0j,0j,0j,0j,0j,0j,0j,0j,0j,0j,0j,0j,0j,0j,0j,0j,0j,0j,0j,0j,0j,0j,0j,0j,0j,0j,0j,0j,0j,0j,0j,0j,0j,0j,0j,0j,0j,0j,0j,0j,0j,0j,0j,0j,0j,0j,0j,0j,0j,0j,0j,0j,0j,0j,0j,0j,0j,0j,0j,0j,0j,0j,0j,0j,0j,0j,0j,0j,0j,0j,0j,0j,0j,0j,0j,0j,0j,0j,0j,0j,0j,0j,0j,0j,0j,0j,0j,0j,0j,0j,0j,0j,0j,0j,0j,0j,0j,0j,0j,0j,0j,0j,0j,0j,0j,0j,0j,0j,0j,0j,0j,0j,0j,0j,0j,0j,0j,0j,0j,0j,0j,0j,0j,0j,0j,0j,0j,0j,0j,0j,0j,0j,0j,0j,0j,0j,0j,0j,0j,0j,0j,0j,0j,0j,0j,0j,0j,0j,0j,0j,0j,0j,0j,0j,0j,0j,0j,0j,0j,0j,0j,0j,0j,0j,0j,0j,0j,0j,0j,0j,0j,0j,0j,0j,0j,0j,0j,0j,0j,0j,0j,0j,0j,0j,0j,0j,0j,0j,(-0.542391910886066+0.6640359709772035j),0j,0j,0j,0j,0j,0j,0j,0j,0j,0j,0j,0j,0j,0j,0j,0j,0j,0j,0j,0j,0j,0j,0j,0j,0j,0j,0j,0j,0j,0j,0j,0j,0j,0j,0j,0j,0j,0j,0j,0j,0j,0j,0j,0j,0j,0j,0j,0j,0j,0j,0j,0j,0j,0j,0j,0j,0j,0j,0j,0j,0j,0j,0j,0j,0j,0j,0j,0j,0j,0j,0j,0j,0j,0j,0j,0j,0j,0j,0j,0j,0j,0j,0j,0j,0j,0j,0j,0j,0j,0j,0j,0j,0j,0j,0j,0j,0j,0j,0j,0j,0j,0j,0j,0j,0j,0j,0j,0j,0j,0j,0j,0j,0j,0j,0j,0j,0j,0j,0j,0j,0j,0j,0j,0j,0j,0j,0j,0j,0j,0j,0j,0j,0j,0j,0j,0j,0j,0j,0j,0j,0j,0j,0j,0j,0j,0j,0j,0j,0j,0j,0j,0j,0j,0j,0j,0j,0j,0j,0j,0j,0j,0j,0j,0j,0j,0j,0j,0j,0j,0j,0j,0j,0j,0j,0j,0j,0j,0j,0j,0j,0j,0j,0j,0j,0j,0j,0j,0j,0j,0j,0j,0j,0j,0j,0j,0j,0j,0j,0j,0j,0j,0j,0j,0j,0j,0j,0j,0j,0j,0j,0j,0j,0j,0j,0j,0j,0j,0j,0j,0j,0j,0j,0j,0j,0j,0j,0j,0j,0j,0j,0j,0j,0j,0j,0j,0j,0j,0j,0j,0j,0j,0j,0j,0j,0j,0j,0j,0j,0j,0j,0j,0j,0j,0j,0j,(0.007196100619258509-0.17139985397267046j),0j,0j,0j,0j,0j,0j,0j,0j,0j,0j,0j,0j,0j,0j,0j,0j,0j,0j,0j,0j,0j,0j,0j,0j,0j,0j,0j,0j,0j,0j,0j,0j,0j,0j,0j,0j,0j,0j,0j,0j,0j,0j,0j,0j,0j,0j,0j,0j,0j,0j,0j,0j,0j,0j,0j,0j,0j,0j,0j,0j,0j,0j,0j,0j,0j,0j,0j,0j,0j,0j,0j,0j,0j,0j,0j,0j,0j,0j,0j,0j,0j,0j,0j,0j,0j,0j,0j,0j,0j,0j,0j,0j,0j,0j,0j,0j,0j,0j,0j,0j,0j,0j,0j,0j,0j,0j,0j,0j,0j,0j,0j,0j,0j,0j,0j,0j,0j,0j,0j,0j,0j,0j,0j,0j,0j,0j,0j,(0.007196100619259105-0.17139985397266974j),0j,0j,0j,0j,0j,0j,0j,0j,0j,0j,0j,0j,0j,0j,0j,0j,0j,0j,0j,0j,0j,0j,0j,0j,0j,0j,0j,0j,0j,0j,0j,0j,0j,0j,0j,0j,0j,0j,0j,0j,0j,0j,0j,0j,0j,0j,0j,0j,0j,0j,0j,0j,0j,0j,0j,0j,0j,0j,0j,0j,0j,0j,0j,(0.007196100619259102-0.1713998539726701j),0j,0j,0j,0j,0j,0j,0j,0j,0j,0j,0j,0j,0j,0j,0j,0j,0j,0j,0j,0j,0j,0j,0j,0j,0j,0j,0j,0j,0j,0j,0j,(0.0071961006192592155-0.17139985397267002j),0j,0j,0j,0j,0j,0j,0j,0j,0j,0j,0j,0j,0j,0j,0j,(0.0071961006192592936-0.17139985397267024j),0j,0j,0j,0j,0j,0j,0j,(0.007196100619260009-0.1713998539726697j),0j,0j,0j,(0.007196100619258292-0.1713998539726697j),0j,(0.007196100619258462-0.17139985397266927j),(0.007196100619259036-0.17139985397266894j),0j
7000,0j,0j,0j,0j,0j,0j,0j,0j,0j,0j,0j,0j,0j,0j,0j,0j,0j,0j,0j,0j,0j,0j,0j,0j,0j,0j,0j,0j,0j,0j,0j,0j,0j,0j,0j,0j,0j,0j,0j,0j,0j,0j,0j,0j,0j,0j,0j,0j,0j,0j,0j,0j,0j,0j,0j,0j,0j,0j,0j,0j,0j,0j,0j,0j,0j,0j,0j,0j,0j,0j,0j,0j,0j,0j,0j,0j,0j,0j,0j,0j,0j,0j,0j,0j,0j,0j,0j,0j,0j,0j,0j,0j,0j,0j,0j,0j,0j,0j,0j,0j,0j,0j,0j,0j,0j,0j,0j,0j,0j,0j,0j,0j,0j,0j,0j,0j,0j,0j,0j,0j,0j,0j,0j,0j,0j,0j,0j,0j,0j,0j,0j,0j,0j,0j,0j,0j,0j,0j,0j,0j,0j,0j,0j,0j,0j,0j,0j,0j,0j,0j,0j,0j,0j,0j,0j,0j,0j,0j,0j,0j,0j,0j,0j,0j,0j,0j,0j,0j,0j,0j,0j,0j,0j,0j,0j,0j,0j,0j,0j,0j,0j,0j,0j,0j,0j,0j,0j,0j,0j,0j,0j,0j,0j,0j,0j,0j,0j,0j,0j,0j,0j,0j,0j,0j,0j,0j,0j,0j,0j,0j,0j,0j,0j,0j,0j,0j,0j,0j,0j,0j,0j,0j,0j,0j,0j,0j,0j,0j,0j,0j,0j,0j,0j,0j,0j,0j,0j,0j,0j,0j,0j,0j,0j,0j,0j,0j,0j,0j,0j,0j,0j,0j,0j,0j,0j,0j,0j,0j,0j,0j,0j,0j,0j,0j,0j,0j,0j,0j,0j,0j,0j,0j,0j,0j,0j,0j,0j,0j,0j,0j,0j,0j,0j,0j,0j,0j,0j,0j,0j,0j,0j,0j,0j,0j,0j,0j,0j,0j,0j,0j,0j,0j,0j,0j,0j,0j,0j,0j,0j,0j,0j,0j,0j,0j,0j,0j,0j,0j,0j,0j,0j,0j,0j,0j,0j,0j,0j,0j,0j,0j,0j,0j,0j,0j,0j,0j,0j,0j,0j,0j,0j,0j,0j,0j,0j,0j,0j,0j,0j,0j,0j,0j,0j,0j,0j,0j,0j,0j,0j,0j,0j,0j,0j,0j,0j,0j,0j,0j,0j,0j,0j,0j,0j,0j,0j,0j,0j,0j,0j,0j,0j,0j,0j,0j,0j,0j,0j,0j,0j,0j,0j,0j,0j,0j,0j,0j,0j,0j,0j,0j,0j,0j,0j,0j,0j,0j,0j,0j,0j,0j,0j,0j,0j,0j,0j,0j,0j,0j,0j,0j,0j,0j,0j,0j,0j,0j,0j,0j,0j,0j,0j,0j,0j,0j,0j,0j,0j,0j,0j,0j,0j,0j,0j,0j,0j,0j,0j,0j,0j,0j,0j,0j,0j,0j,0j,0j,0j,0j,0j,0j,0j,0j,0j,0j,0j,0j,0j,0j,0j,0j,0j,0j,0j,0j,0j,0j,0j,0j,0j,0j,0j,0j,0j,0j,0j,0j,0j,0j,0j,0j,0j,0j,0j,0j,0j,0j,0j,0j,0j,0j,0j,0j,0j,0j,0j,0j,0j,0j,0j,0j,0j,(-0.8149701033405315-0.47668467706246526j),0j,0j,0j,0j,0j,0j,0j,0j,0j,0j,0j,0j,0j,0j,0j,0j,0j,0j,0j,0j,0j,0j,0j,0j,0j,0j,0j,0j,0j,0j,0j,0j,0j,0j,0j,0j,0j,0j,0j,0j,0j,0j,0j,0j,0j,0j,0j,0j,0j,0j,0j,0j,0j,0j,0j,0j,0j,0j,0j,0j,0j,0j,0j,0j,0j,0j,0j,0j,0j,0j,0j,0j,0j,0j,0j,0j,0j,0j,0j,0j,0j,0j,0j,0j,0j,0j,0j,0j,0j,0j,0j,0j,0j,0j,0j,0j,0j,0j,0j,0j,0j,0j,0j,0j,0j,0j,0j,0j,0j,0j,0j,0j,0j,0j,0j,0j,0j,0j,0j,0j,0j,0j,0j,0j,0j,0j,0j,0j,0j,0j,0j,0j,0j,0j,0j,0j,0j,0j,0j,0j,0j,0j,0j,0j,0j,0j,0j,0j,0j,0j,0j,0j,0j,0j,0j,0j,0j,0j,0j,0j,0j,0j,0j,0j,0j,0j,0j,0j,0j,0j,0j,0j,0j,0j,0j,0j,0j,0j,0j,0j,0j,0j,0j,0j,0j,0j,0j,0j,0j,0j,0j,0j,0j,0j,0j,0j,0j,0j,0j,0j,0j,0j,0j,0j,0j,0j,0j,0j,0j,0j,0j,0j,0j,0j,0j,0j,0j,0j,0j,0j,0j,0j,0j,0j,0j,0j,0j,0j,0j,0j,0j,0j,0j,0j,0j,0j,0j,0j,0j,0j,0j,0j,0j,0j,0j,0j,0j,0j,0j,0j,0j,0j,0j,0j,0j,(-0.004961959725761519+0.10973395094811679j),0j,0j,0j,0j,0j,0j,0j,0j,0j,0j,0j,0j,0j,0j,0j,0j,0j,0j,0j,0j,0j,0j,0j,0j,0j,0j,0j,0j,0j,0j,0j,0j,0j,0j,0j,0j,0j,0j,0j,0j,0j,0j,0j,0j,0j,0j,0j,0j,0j,0j,0j,0j,0j,0j,0j,0j,0j,0j,0j,0j,0j,0j,0j,0j,0j,0j,0j,0j,0j,0j,0j,0j,0j,0j,0j,0j,0j,0j,0j,0j,0j,0j,0j,0j,0j,0j,0j,0j,0j,0j,0j,0j,0j,0j,0j,0j,0j,0j,0j,0j,0j,0j,0j,0j,0j,0j,0j,0j,0j,0j,0j,0j,0j,0j,0j,0j,0j,0j,0j,0j,0j,0j,0j,0j,0j,0j,0j,(-0.004961959725762055+0.10973395094811722j),0j,0j,0j,0j,0j,0j,0j,0j,0j,0j,0j,0j,0j,0j,0j,0j,0j,0j,0j,0j,0j,0j,0j,0j,0j,0j,0j,0j,0j,0j,0j,0j,0j,0j,0j,0j,0j,0j,0j,0j,0j,0j,0j,0j,0j,0j,0j,0j,0j,0j,0j,0j,0j,0j,0j,0j,0j,0j,0j,0j,0j,0j,0j,(-0.004961959725762049+0.10973395094811746j),0j,0j,0j,0j,0j,0j,0j,0j,0j,0j,0j,0j,0j,0j,0j,0j,0j,0j,0j,0j,0j,0j,0j,0j,0j,0j,0j,0j,0j,0j,0j,(-0.004961959725762121+0.10973395094811751j),0j,0j,0j,0j,0j,0j,0j,0j,0j,0j,0j,0j,0j,0j,0j,(-0.0049619597257621675+0.10973395094811779j),0j,0j,0j,0j,0j,0j,0j,(-0.004961959725762291+0.10973395094811819j),0j,0j,0j,(-0.004961959725761713+0.10973395094811618j),0j,(-0.004961959725761832+0.10973395094811612j),(-0.004961959725761897+0.10973395094811654j),0j
7500,0j,0j,0j,0j,0j,0j,0j,0j,0j,0j,0j,0j,0j,0j,0j,0j,0j,0j,0j,0j,0j,0j,0j,0j,0j,0j,0j,0j,0j,0j,0j,0j,0j,0j,0j,0j,0j,0j,0j,0j,0j,0j,0j,0j,0j,0j,0j,0j,0j,0j,0j,0j,0j,0j,0j,0j,0j,0j,0j,0j,0j,0j,0j,0j,0j,0j,0j,0j,0j,0j,0j,0j,0j,0j,0j,0j,0j,0j,0j,0j,0j,0j,0j,0j,0j,0j,0j,0j,0j,0j,0j,0j,0j,0j,0j,0j,0j,0j,0j,0j,0j,0j,0j,0j,0j,0j,0j,0j,0j,0j,0j,0j,0j,0j,0j,0j,0j,0j,0j,0j,0j,0j,0j,0j,0j,0j,0j,0j,0j,0j,0j,0j,0j,0j,0j,0j,0j,0j,0j,0j,0j,0j,0j,0j,0j,0j,0j,0j,0j,0j,0j,0j,0j,0j,0j,0j,0j,0j,0j,0j,0j,0j,0j,0j,0j,0j,0j,0j,0j,0j,0j,0j,0j,0j,0j,0j,0j,0j,0j,0j,0j,0j,0j,0j,0j,0j,0j,0j,0j,0j,0j,0j,0j,0j,0j,0j,0j,0j,0j,0j,0j,0j,0j,0j,0j,0j,0j,0j,0j,0j,0j,0j,0j,0j,0j,0j,0j,0j,0j,0j,0j,0j,0j,0j,0j,0j,0j,0j,0j,0j,0j,0j,0j,0j,0j,0j,0j,0j,0j,0j,0j,0j,0j,0j,0j,0j,0j,0j,0j,0j,0j,0j,0j,0j,0j,0j,0j,0j,0j,0j,0j,0j,0j,0j,0j,0j,0j,0j,0j,0j,0j,0j,0j,0j,0j,0j,0j,0j,0j,0j,0j,0j,0j,0j,0j,0j,0j,0j,0j,0j,0j,0j,0j,0j,0j,0j,0j,0j,0j,0j,0j,0j,0j,0j,0j,0j,0j,0j,0j,0j,0j,0j,0j,0j,0j,0j,0j,0j,0j,0j,0j,0j,0j,0j,0j,0j,0j,0j,0j,0j,0j,0j,0j,0j,0j,0j,0j,0j,0j,0j,0j,0j,0j,0j,0j,0j,0j,0j,0j,0j,0j,0j,0j,0j,0j,0j,0j,0j,0j,0j,0j,0j,0j,0j,0j,0j,0j,0j,0j,0j,0j,0j,0j,0j,0j,0j,0j,0j,0j,0j,0j,0j,0j,0j,0j,0j,0j,0j,0j,0j,0j,0j,0j,0j,0j,0j,0j,0j,0j,0j,0j,0j,0j,0j,0j,0j,0j,0j,0j,0j,0j,0j,0j,0j,0j,0j,0j,0j,0j,0j,0j,0j,0j,0j,0j,0j,0j,0j,0j,0j,0j,0j,0j,0j,0j,0j,0j,0j,0j,0j,0j,0j,0j,0j,0j,0j,0j,0j,0j,0j,0j,0j,0j,0j,0j,0j,0j,0j,0j,0j,0j,0j,0j,0j,0j,0j,0j,0j,0j,0j,0j,0j,0j,0j,0j,0j,0j,0j,0j,0j,0j,0j,0j,0j,0j,0j,0j,0j,0j,0j,0j,0j,0j,0j,0j,0j,0j,0j,0j,0j,0j,0j,0j,0j,0j,0j,0j,0j,0j,0j,0j,(0.6142136737373443-0.6207190017090528j),0j,0j,0j,0j,0j,0j,0j,0j,0j,0j,0j,0j,0j,0j,0j,0j,0j,0j,0j,0j,0j,0j,0j,0j,0j,0j,0j,0j,0j,0j,0j,0j,0j,0j,0j,0j,0j,0j,0j,0j,0j,0j,0j,0j,0j,0j,0j,0j,0j,0j,0j,0j,0j,0j,0j,0j,0j,0j,0j,0j,0j,0j,0j,0j,0j,0j,0j,0j,0j,0j,0j,0j,0j,0j,0j,0j,0j,0j,0j,0j,0j,0j,0j,0j,0j,0j,0j,0j,0j,0j,0j,0j,0j,0j,0j,0j,0j,0j,0j,0j,0j,0j,0j,0j,0j,0j,0j,0j,0j,0j,0j,0j,0j,0j,0j,0j,0j,0j,0j,0j,0j,0j,0j,0j,0j,0j,0j,0j,0j,0j,0j,0j,0j,0j,0j,0j,0j,0j,0j,0j,0j,0j,0j,0j,0j,0j,0j,0j,0j,0j,0j,0j,0j,0j,0j,0j,0j,0j,0j,0j,0j,0j,0j,0j,0j,0j,0j,0j,0j,0j,0j,0j,0j,0j,0j,0j,0j,0j,0j,0j,0j,0j,0j,0j,0j,0j,0j,0j,0j,0j,0j,0j,0j,0j,0j,0j,0j,0j,0j,0j,0j,0j,0j,0j,0j,0j,0j,0j,0j,0j,0j,0j,0j,0j,0j,0j,0j,0j,0j,0j,0j,0j,0j,0j,0j,0j,0j,0j,0j,0j,0j,0j,0j,0j,0j,0j,0j,0j,0j,0j,0j,0j,0j,0j,0j,0j,0j,0j,0j,0j,0j,0j,0j,0j,0j,(-0.007860938324850996+0.16223896461335383j),0j,0j,0j,0j,0j,0j,0j,0j,0j,0j,0j,0j,0j,0j,0j,0j,0j,0j,0j,0j,0j,0j,0j,0j,0j,0j,0j,0j,0j,0j,0j,0j,0j,0j,0j,0j,0j,0j,0j,0j,0j,0j,0j,0j,0j,0j,0j,0j,0j,0j,0j,0j,0j,0j,0j,0j,0j,0j,0j,0j,0j,0j,0j,0j,0j,0j,0j,0j,0j,0j,0j,0j,0j,0j,0j,0j,0j,0j,0j,0j,0j,0j,0j,0j,0j,0j,0j,0j,0j,0j,0j,0j,0j,0j,0j,0j,0j,0j,0j,0j,0j,0j,0j,0j,0j,0j,0j,0j,0j,0j,0j,0j,0j,0j,0j,0j,0j,0j,0j,0j,0j,0j,0j,0j,0j,0j,0j,(-0.00786093832485163+0.16223896461335313j),0j,0j,0j,0j,0j,0j,0j,0j,0j,0j,0j,0j,0j,0j,0j,0j,0j,0j,0j,0j,0j,0j,0j,0j,0j,0j,0j,0j,0j,0j,0j,0j,0j,0j,0j,0j,0j,0j,0j,0j,0j,0j,0j,0j,0j,0j,0j,0j,0j,0j,0j,0j,0j,0j,0j,0j,0j,0j,0j,0j,0j,0j,0j,(-0.007860938324851612+0.1622389646133535j),0j,0j,0j,0j,0j,0j,0j,0j,0j,0j,0j,0j,0j,0j,0j,0j,0j,0j,0j,0j,0j,0j,0j,0j,0j,0j,0j,0j,0j,0j,0j,(-0.007860938324851694+0.1622389646133534j),0j,0j,0j,0j,0j,0j,0j,0j,0j,0j,0j,0j,0j,0j,0j,(-0.007860938324851933+0.16223896461335366j),0j,0j,0j,0j,0j,0j,0j,(-0.007860938324852509+0.162238964613353j),0j,0j,0j,(-0.007860938324850774+0.16223896461335294j),0j,(-0.007860938324850904+0.1622389646133526j),(-0.00786093832485149+0.1622389646133523j),0j
8000,0j,0j,0j,0j,0j,0j,0j,0j,0j,0j,0j,0j,0j,0j,0j,0j,0j,0j,0j,0j,0j,0j,0j,0j,0j,0j,0j,0j,0j,0j,0j,0j,0j,0j,0j,0j,0j,0j,0j,0j,0j,0j,0j,0j,0j,0j,0j,0j,0j,0j,0j,0j,0j,0j,0j,0j,0j,0j,0j,0j,0j,0j,0j,0j,0j,0j,0j,0j,0j,0j,0j,0j,0j,0j,0j,0j,0j,0j,0j,0j,0j,0j,0j,0j,0j,0j,0j,0j,0j,0j,0j,0j,0j,0j,0j,0j,0j,0j,0j,0j,0j,0j,0j,0j,0j,0j,0j,0j,0j,0j,0j,0j,0j,0j,0j,0j,0j,0j,0j,0j,0j,0j,0j,0j,0j,0j,0j,0j,0j,0j,0j,0j,0j,0j,0j,0j,0j,0j,0j,0j,0j,0j,0j,0j,0j,0j,0j,0j,0j,0j,0j,0j,0j,0j,0j,0j,0j,0j,0j,0j,0j,0j,0j,0j,0j,0j,0j,0j,0j,0j,0j,0j,0j,0j,0j,0j,0j,0j,0j,0j,0j,0j,0j,0j,0j,0j,0j,0j,0j,0j,0j,0j,0j,0j,0j,0j,0j,0j,0j,0j,0j,0j,0j,0j,0j,0j,0j,0j,0j,0j,0j,0j,0j,0j,0j,0j,0j,0j,0j,0j,0j,0j,0j,0j,0j,0j,0j,0j,0j,0j,0j,0j,0j,0j,0j,0j,0j,0j,0j,0j,0j,0j,0j,0j,0j,0j,0j,0j,0j,0j,0j,0j,0j,0j,0j,0j,0j,0j,0j,0j,0j,0j,0j,0j,0j,0j,0j,0j,0j,0j,0j,0j,0j,0j,0j,0j,0j,0j,0j,0j,0j,0j,0j,0j,0j,0j,0j,0j,0j,0j,0j,0j,0j,0j,0j,0j,0j,0j,0j,0j,0j,0j,0j,0j,0j,0j,0j,0j,0j,0j,0j,0j,0j,0j,0j,0j,0j,0j,0j,0j,0j,0j,0j,0j,0j,0j,0j,0j,0j,0j,0j,0j,0j,0j,0j,0j,0j,0j,0j,0j,0j,0j,0j,0j,0j,0j,0j,0j,0j,0j,0j,0j,0j,0j,0j,0j,0j,0j,0j,0j,0j,0j,0j,0j,0j,0j,0j,0j,0j,0j,0j,0j,0j,0j,0j,0j,0j,0j,0j,0j,0j,0j,0j,0j,0j,0j,0j,0j,0j,0j,0j,0j,0j,0j,0j,0j,0j,0j,0j,0j,0j,0j,0j,0j,0j,0j,0j,0j,0j,0j,0j,0j,0j,0j,0j,0j,0j,0j,0j,0j,0j,0j,0j,0j,0j,0j,0j,0j,0j,0j,0j,0j,0j,0j,0j,0j,0j,0j,0j,0j,0j,0j,0j,0j,0j,0j,0j,0j,0j,0j,0j,0j,0j,0j,0j,0j,0j,0j,0j,0j,0j,0j,0j,0j,0j,0j,0j,0j,0j,0j,0j,0j,0j,0j,0j,0j,0j,0j,0j,0j,0j,0j,0j,0j,0j,0j,0j,0j,0j,0j,0j,0j,0j,0j,0j,0j,0j,0j,0j,0j,0j,0j,0j,0j,0j,0j,0j,0j,0j,0j,0j,(0.7607059445648655+0.5333148578566378j),0j,0j,0j,0j,0j,0j,0j,0j,0j,0j,0j,0j,0j,0j,0j,0j,0j,0j,0j,0j,0j,0j,0j,0j,0j,0j,0j,0j,0j,0j,0j,0j,0j,0j,0j,0j,0j,0j,0j,0j,0j,0j,0j,0j,0j,0j,0j,0j,0j,0j,0j,0j,0j,0j,0j,0j,0j,0j,0j,0j,0j,0j,0j,0j,0j,0j,0j,0j,0j,0j,0j,0j,0j,0j,0j,0j,0j,0j,0j,0j,0j,0j,0j,0j,0j,0j,0j,0j,0j,0j,0j,0j,0j,0j,0j,0j,0j,0j,0j,0j,0j,0j,0j,0j,0j,0j,0j,0j,0j,0j,0j,0j,0j,0j,0j,0j,0j,0j,0j,0j,0j,0j,0j,0j,0j,0j,0j,0j,0j,0j,0j,0j,0j,0j,0j,0j,0j,0j,0j,0j,0j,0j,0j,0j,0j,0j,0j,0j,0j,0j,0j,0j,0j,0j,0j,0j,0j,0j,0j,0j,0j,0j,0j,0j,0j,0j,0j,0j,0j,0j,0j,0j,0j,0j,0j,0j,0j,0j,0j,0j,0j,0j,0j,0j,0j,0j,0j,0j,0j,0j,0j,0j,0j,0j,0j,0j,0j,0j,0j,0j,0j,0j,0j,0j,0j,0j,0j,0j,0j,0j,0j,0j,0j,0j,0j,0j,0j,0j,0j,0j,0j,0j,0j,0j,0j,0j,0j,0j,0j,0j,0j,0j,0j,0j,0j,0j,0j,0j,0j,0j,0j,0j,0j,0j,0j,0j,0j,0j,0j,0j,0j,0j,0j,0j,0j,(0.006366468329039428-0.12316968468211324j),0j,0j,0j,0j,0j,0j,0j,0j,0j,0j,0j,0j,0j,0j,0j,0j,0j,0j,0j,0j,0j,0j,0j,0j,0j,0j,0j,0j,0j,0j,0j,0j,0j,0j,0j,0j,0j,0j,0j,0j,0j,0j,0j,0j,0j,0j,0j,0j,0j,0j,0j,0j,0j,0j,0j,0j,0j,0j,0j,0j,0j,0j,0j,0j,0j,0j,0j,0j,0j,0j,0j,0j,0j,0j,0j,0j,0j,0j,0j,0j,0j,0j,0j,0j,0j,0j,0j,0j,0j,0j,0j,0j,0j,0j,0j,0j,0j,0j,0j,0j,0j,0j,0j,0j,0j,0j,0j,0j,0j,0j,0j,0j,0j,0j,0j,0j,0j,0j,0j,0j,0j,0j,0j,0j,0j,0j,0j,(0.006366468329039903-0.12316968468211377j),0j,0j,0j,0j,0j,0j,0j,0j,0j,0j,0j,0j,0j,0j,0j,0j,0j,0j,0j,0j,0j,0j,0j,0j,0j,0j,0j,0j,0j,0j,0j,0j,0j,0j,0j,0j,0j,0j,0j,0j,0j,0j,0j,0j,0j,0j,0j,0j,0j,0j,0j,0j,0j,0j,0j,0j,0j,0j,0j,0j,0j,0j,0j,(0.006366468329039862-0.12316968468211398j),0j,0j,0j,0j,0j,0j,0j,0j,0j,0j,0j,0j,0j,0j,0j,0j,0j,0j,0j,0j,0j,0j,0j,0j,0j,0j,0j,0j,0j,0j,0j,(0.006366468329039986-0.12316968468211408j),0j,0j,0j,0j,0j,0j,0j,0j,0j,0j,0j,0j,0j,0j,0j,(0.006366468329039871-0.12316968468211446j),0j,0j,0j,0j,0j,0j,0j,(0.006366468329040112-0.12316968468211473j),0j,0j,0j,(0.006366468329039799-0.1231696846821126j),0j,(0.0063664683290398935-0.12316968468211253j),(0.006366468329039895-0.12316968468211296j),0j
8500,0j,0j,0j,0j,0j,0j,0j,0j,0j,0j,0j,0j,0j,0j,0j,0j,0j,0j,0j,0j,0j,0j,0j,0j,0j,0j,0j,0j,0j,0j,0j,0j,0j,0j,0j,0j,0j,0j,0j,0j,0j,0j,0j,0j,0j,0j,0j,0j,0j,0j,0j,0j,0j,0j,0j,0j,0j,0j,0j,0j,0j,0j,0j,0j,0j,0j,0j,0j,0j,0j,0j,0j,0j,0j,0j,0j,0j,0j,0j,0j,0j,0j,0j,0j,0j,0j,0j,0j,0j,0j,0j,0j,0j,0j,0j,0j,0j,0j,0j,0j,0j,0j,0j,0j,0j,0j,0j,0j,0j,0j,0j,0j,0j,0j,0j,0j,0j,0j,0j,0j,0j,0j,0j,0j,0j,0j,0j,0j,0j,0j,0j,0j,0j,0j,0j,0j,0j,0j,0j,0j,0j,0j,0j,0j,0j,0j,0j,0j,0j,0j,0j,0j,0j,0j,0j,0j,0j,0j,0j,0j,0j,0j,0j,0j,0j,0j,0j,0j,0j,0j,0j,0j,0j,0j,0j,0j,0j,0j,0j,0j,0j,0j,0j,0j,0j,0j,0j,0j,0j,0j,0j,0j,0j,0j,0j,0j,0j,0j,0j,0j,0j,0j,0j,0j,0j,0j,0j,0j,0j,0j,0j,0j,0j,0j,0j,0j,0j,0j,0j,0j,0j,0j,0j,0j,0j,0j,0j,0j,0j,0j,0j,0j,0j,0j,0j,0j,0j,0j,0j,0j,0j,0j,0j,0j,0j,0j,0j,0j,0j,0j,0j,0j,0j,0j,0j,0j,0j,0j,0j,0j,0j,0j,0j,0j,0j,0j,0j,0j,0j,0j,0j,0j,0j,0j,0j,0j,0j,0j,0j,0j,0j,0j,0j,0j,0j,0j,0j,0j,0j,0j,0j,0j,0j,0j,0j,0j,0j,0j,0j,0j,0j,0j,0j,0j,0j,0j,0j,0j,0j,0j,0j,0j,0j,0j,0j,0j,0j,0j,0j,0j,0j,0j,0j,0j,0j,0j,0j,0j,0j,0j,0j,0j,0j,0j,0j,0j,0j,0j,0j,0j,0j,0j,0j,0j,0j,0j,0j,0j,0j,0j,0j,0j,0j,0j,0j,0j,0j,0j,0j,0j,0j,0j,0j,0j,0j,0j,0j,0j,0j,0j,0j,0j,0j,0j,0j,0j,0j,0j,0j,0j,0j,0j,0j,0j,0j,0j,0j,0j,0j,0j,0j,0j,0j,0j,0j,0j,0j,0j,0j,0j,0j,0j,0j,0j,0j,0j,0j,0j,0j,0j,0j,0j,0j,0j,0j,0j,0j,0j,0j,0j,0j,0j,0j,0j,0j,0j,0j,0j,0j,0j,0j,0j,0j,0j,0j,0j,0j,0j,0j,0j,0j,0j,0j,0j,0j,0j,0j,0j,0j,0j,0j,0j,0j,0j,0j,0j,0j,0j,0j,0j,0j,0j,0j,0j,0j,0j,0j,0j,0j,0j,0j,0j,0j,0j,0j,0j,0j,0j,0j,0j,0j,0j,0j,0j,0j,0j,0j,0j,0j,0j,0j,0j,0j,0j,0j,0j,0j,0j,0j,0j,0j,0j,0j,0j,0j,0j,0j,0j,0j,0j,0j,(-0.6812330982591833+0.5722513366981822j),0j,0j,0j,0j,0j,0j,0j,0j,0j,0j,0j,0j,0j,0j,0j,0j,0j,0j,0j,0j,0j,0j,0j,0j,0j,0j,0j,0j,0j,0j,0j,0j,0j,0j,0j,0j,0j,0j,0j,0j,0j,0j,0j,0j,0j,0j,0j,0j,0j,0j,0j,0j,0j,0j,0j,0j,0j,0j,0j,0j,0j,0j,0j,0j,0j,0j,0j,0j,0j,0j,0j,0j,0j,0j,0j,0j,0j,0j,0j,0j,0j,0j,0j,0j,0j,0j,0j,0j,0j,0j,0j,0j,0j,0j,0j,0j,0j,0j,0j,0j,0j,0j,0j,0j,0j,0j,0j,0j,0j,0j,0j,0j,0j,0j,0j,0j,0j,0j,0j,0j,0j,0j,0j,0j,0j,0j,0j,0j,0j,0j,0j,0j,0j,0j,0j,0j,0j,0j,0j,0j,0j,0j,0j,0j,0j,0j,0j,0j,0j,0j,0j,0j,0j,0j,0j,0j,0j,0j,0j,0j,0j,0j,0j,0j,0j,0j,0j,0j,0j,0j,0j,0j,0j,0j,0j,0j,0j,0j,0j,0j,0j,0j,0j,0j,0j,0j,0j,0j,0j,0j,0j,0j,0j,0j,0j,0j,0j,0j,0j,0j,0j,0j,0j,0j,0j,0j,0j,0j,0j,0j,0j,0j,0j,0j,0j,0j,0j,0j,0j,0j,0j,0j,0j,0j,0j,0j,0j,0j,0j,0j,0j,0j,0j,0j,0j,0j,0j,0j,0j,0j,0j,0j,0j,0j,0j,0j,0j,0j,0j,0j,0j,0j,0j,0j,0j,(0.008346395981321558-0.15195866124651314j),0j,0j,0j,0j,0j,0j,0j,0j,0j,0j,0j,0j,0j,0j,0j,0j,0j,0j,0j,0j,0j,0j,0j,0j,0j,0j,0j,0j,0j,0j,0j,0j,0j,0j,0j,0j,0j,0j,0j,0j,0j,0j,0j,0j,0j,0j,0j,0j,0j,0j,0j,0j,0j,0j,0j,0j,0j,0j,0j,0j,0j,0j,0j,0j,0j,0j,0j,0j,0j,0j,0j,0j,0j,0j,0j,0j,0j,0j,0j,0j,0j,0j,0j,0j,0j,0j,0j,0j,0j,0j,0j,0j,0j,0j,0j,0j,0j,0j,0j,0j,0j,0j,0j,0j,0j,0j,0j,0j,0j,0j,0j,0j,0j,0j,0j,0j,0j,0j,0j,0j,0j,0j,0j,0j,0j,0j,0j,(0.008346395981322233-0.1519586612465125j),0j,0j,0j,0j,0j,0j,0j,0j,0j,0j,0j,0j,0j,0j,0j,0j,0j,0j,0j,0j,0j,0j,0j,0j,0j,0j,0j,0j,0j,0j,0j,0j,0j,0j,0j,0j,0j,0j,0j,0j,0j,0j,0j,0j,0j,0j,0j,0j,0j,0j,0j,0j,0j,0j,0j,0j,0j,0j,0j,0j,0j,0j,0j,(0.008346395981322304-0.15195866124651278j),0j,0j,0j,0j,0j,0j,0j,0j,0j,0j,0j,0j,0j,0j,0j,0j,0j,0j,0j,0j,0j,0j,0j,0j,0j,0j,0j,0j,0j,0j,0j,(0.008346395981322335-0.15195866124651247j),0j,0j,0j,0j,0j,0j,0j,0j,0j,0j,0j,0j,0j,0j,0j,(0.008346395981322504-0.1519586612465128j),0j,0j,0j,0j,0j,0j,0j,(0.008346395981323125-0.151958661246512j),0j,0j,0j,(0.008346395981321343-0.1519586612465121j),0j,(0.008346395981321437-0.15195866124651175j),(0.008346395981322042-0.1519586612465115j),0j
9000,0j,0j,0j,0j,0j,0j,0j,0j,0j,0j,0j,0j,0j,0j,0j,0j,0j,0j,0j,0j,0j,0j,0j,0j,0j,0j,0j,0j,0j,0j,0j,0j,0j,0j,0j,0j,0j,0j,0j,0j,0j,0j,0j,0j,0j,0j,0j,0j,0j,0j,0j,0j,0j,0j,0j,0j,0j,0j,0j,0j,0j,0j,0j,0j,0j,0j,0j,0j,0j,0j,0j,0j,0j,0j,0j,0j,0j,0j,0j,0j,0j,0j,0j,0j,0j,0j,0j,0j,0j,0j,0j,0j,0j,0j,0j,0j,0j,0j,0j,0j,0j,0j,0j,0j,0j,0j,0j,0j,0j,0j,0j,0j,0j,0j,0j,0j,0j,0j,0j,0j,0j,0j,0j,0j,0j,0j,0j,0j,0j,0j,0j,0j,0j,0j,0j,0j,0j,0j,0j,0j,0j,0j,0j,0j,0j,0j,0j,0j,0j,0j,0j,0j,0j,0j,0j,0j,0j,0j,0j,0j,0j,0j,0j,0j,0j,0j,0j,0j,0j,0j,0j,0j,0j,0j,0j,0j,0j,0j,0j,0j,0j,0j,0j,0j,0j,0j,0j,0j,0j,0j,0j,0j,0j,0j,0j,0j,0j,0j,0j,0j,0j,0j,0j,0j,0j,0j,0j,0j,0j,0j,0j,0j,0j,0j,0j,0j,0j,0j,0j,0j,0j,0j,0j,0j,0j,0j,0j,0j,0j,0j,0j,0j,0j,0j,0j,0j,0j,0j,0j,0j,0j,0j,0j,0j,0j,0j,0j,0j,0j,0j,0j,0j,0j,0j,0j,0j,0j,0j,0j,0j,0j,0j,0j,0j,0j,0j,0j,0j,0j,0j,0j,0j,0j,0j,0j,0j,0j,0j,0j,0j,0j,0j,0j,0j,0j,0j,0j,0j,0j,0j,0j,0j,0j,0j,0j,0j,0j,0j,0j,0j,0j,0j,0j,0j,0j,0j,0j,0j,0j,0j,0j,0j,0j,0j,0j,0j,0j,0j,0j,0j,0j,0j,0j,0j,0j,0j,0j,0j,0j,0j,0j,0j,0j,0j,0j,0j,0j,0j,0j,0j,0j,0j,0j,0j,0j,0j,0j,0j,0j,0j,0j,0j,0j,0j,0j,0j,0j,0j,0j,0j,0j,0j,0j,0j,0j,0j,0j,0j,0j,0j,0j,0j,0j,0j,0j,0j,0j,0j,0j,0j,0j,0j,0j,0j,0j,0j,0j,0j,0j,0j,0j,0j,0j,0j,0j,0j,0j,0j,0j,0j,0j,0j,0j,0j,0j,0j,0j,0j,0j,0j,0j,0j,0j,0j,0j,0j,0j,0j,0j,0j,0j,0j,0j,0j,0j,0j,0j,0j,0j,0j,0j,0j,0j,0j,0j,0j,0j,0j,0j,0j,0j,0j,0j,0j,0j,0j,0j,0j,0j,0j,0j,0j,0j,0j,0j,0j,0j,0j,0j,0j,0j,0j,0j,0j,0j,0j,0j,0j,0j,0j,0j,0j,0j,0j,0j,0j,0j,0j,0j,0j,0j,0j,0j,0j,0j,0j,0j,0j,0j,0j,0j,0j,0j,0j,0j,0j,0j,0j,0j,0j,0j,0j,0j,0j,0j,0j,0j,0j,0j,0j,0j,(-0.7005251183517466-0.5855508999824284j),0j,0j,0j,0j,0j,0j,0j,0j,0j,0j,0j,0j,0j,0j,0j,0j,0j,0j,0j,0j,0j,0j,0j,0j,0j,0j,0j,0j,0j,0j,0j,0j,0j,0j,0j,0j,0j,0j,0j,0j,0j,0j,0j,0j,0j,0j,0j,0j,0j,0j,0j,0j,0j,0j,0j,0j,0j,0j,0j,0j,0j,0j,0j,0j,0j,0j,0j,0j,0j,0j,0j,0j,0j,0j,0j,0j,0j,0j,0j,0j,0j,0j,0j,0j,0j,0j,0j,0j,0j,0j,0j,0j,0j,0j,0j,0j,0j,0j,0j,0j,0j,0j,0j,0j,0j,0j,0j,0j,0j,0j,0j,0j,0j,0j,0j,0j,0j,0j,0j,0j,0j,0j,0j,0j,0j,0j,0j,0j,0j,0j,0j,0j,0j,0j,0j,0j,0j,0j,0j,0j,0j,0j,0j,0j,0j,0j,0j,0j,0j,0j,0j,0j,0j,0j,0j,0j,0j,0j,0j,0j,0j,0j,0j,0j,0j,0j,0j,0j,0j,0j,0j,0j,0j,0j,0j,0j,0j,0j,0j,0j,0j,0j,0j,0j,0j,0j,0j,0j,0j,0j,0j,0j,0j,0j,0j,0j,0j,0j,0j,0j,0j,0j,0j,0j,0j,0j,0j,0j,0j,0j,0j,0j,0j,0j,0j,0j,0j,0j,0j,0j,0j,0j,0j,0j,0j,0j,0j,0j,0j,0j,0j,0j,0j,0j,0j,0j,0j,0j,0j,0j,0j,0j,0j,0j,0j,0j,0j,0j,0j,0j,0j,0j,0j,0j,0j,(-0.00789523571106832+0.13574227596838062j),0j,0j,0j,0j,0j,0j,0j,0j,0j,0j,0j,0j,0j,0j,0j,0j,0j,0j,0j,0j,0j,0j,0j,0j,0j,0j,0j,0j,0j,0j,0j,0j,0j,0j,0j,0j,0j,0j,0j,0j,0j,0j,0j,0j,0j,0j,0j,0j,0j,0j,0j,0j,0j,0j,0j,0j,0j,0j,0j,0j,0j,0j,0j,0j,0j,0j,0j,0j,0j,0j,0j,0j,0j,0j,0j,0j,0j,0j,0j,0j,0j,0j,0j,0j,0j,0j,0j,0j,0j,0j,0j,0j,0j,0j,0j,0j,0j,0j,0j,0j,0j,0j,0j,0j,0j,0j,0j,0j,0j,0j,0j,0j,0j,0j,0j,0j,0j,0j,0j,0j,0j,0j,0j,0j,0j,0j,0j,(-0.007895235711068777+0.13574227596838112j),0j,0j,0j,0j,0j,0j,0j,0j,0j,0j,0j,0j,0j,0j,0j,0j,0j,0j,0j,0j,0j,0j,0j,0j,0j,0j,0j,0j,0j,0j,0j,0j,0j,0j,0j,0j,0j,0j,0j,0j,0j,0j,0j,0j,0j,0j,0j,0j,0j,0j,0j,0j,0j,0j,0j,0j,0j,0j,0j,0j,0j,0j,0j,(-0.007895235711068942+0.13574227596838148j),0j,0j,0j,0j,0j,0j,0j,0j,0j,0j,0j,0j,0j,0j,0j,0j,0j,0j,0j,0j,0j,0j,0j,0j,0j,0j,0j,0j,0j,0j,0j,(-0.007895235711069247+0.1357422759683814j),0j,0j,0j,0j,0j,0j,0j,0j,0j,0j,0j,0j,0j,0j,0j,(-0.007895235711069216+0.13574227596838187j),0j,0j,0j,0j,0j,0j,0j,(-0.007895235711069554+0.1357422759683821j),0j,0j,0j,(-0.007895235711068782+0.13574227596837987j),0j,(-0.007895235711068828+0.1357422759683798j),(-0.007895235711068878+0.1357422759683803j),0j
9500,0j,0j,0j,0j,0j,0j,0j,0j,0j,0j,0j,0j,0j,0j,0j,0j,0j,0j,0j,0j,0j,0j,0j,0j,0j,0j,0j,0j,0j,0j,0j,0j,0j,0j,0j,0j,0j,0j,0j,0j,0j,0j,0j,0j,0j,0j,0j,0j,0j,0j,0j,0j,0j,0j,0j,0j,0j,0j,0j,0j,0j,0j,0j,0j,0j,0j,0j,0j,0j,0j,0j,0j,0j,0j,0j,0j,0j,0j,0j,0j,0j,0j,0j,0j,0j,0j,0j,0j,0j,0j,0j,0j,0j,0j,0j,0j,0j,0j,0j,0j,0j,0j,0j,0j,0j,0j,0j,0j,0j,0j,0j,0j,0j,0j,0j,0j,0j,0j,0j,0j,0j,0j,0j,0j,0j,0j,0j,0j,0j,0j,0j,0j,0j,0j,0j,0j,0j,0j,0j,0j,0j,0j,0j,0j,0j,0j,0j,0j,0j,0j,0j,0j,0j,0j,0j,0j,0j,0j,0j,0j,0j,0j,0j,0j,0j,0j,0j,0j,0j,0j,0j,0j,0j,0j,0j,0j,0j,0j,0j,0j,0j,0j,0j,0j,0j,0j,0j,0j,0j,0j,0j,0j,0j,0j,0j,0j,0j,0j,0j,0j,0j,0j,0j,0j,0j,0j,0j,0j,0j,0j,0j,0j,0j,0j,0j,0j,0j,0j,0j,0j,0j,0j,0j,0j,0j,0j,0j,0j,0j,0j,0j,0j,0j,0j,0j,0j,0j,0j,0j,0j,0j,0j,0j,0j,0j,0j,0j,0j,0j,0j,0j,0j,0j,0j,0j,0j,0j,0j,0j,0j,0j,0j,0j,0j,0j,0j,0j,0j,0j,0j,0j,0j,0j,0j,0j,0j,0j,0j,0j,0j,0j,0j,0j,0j,0j,0j,0j,0j,0j,0j,0j,0j,0j,0j,0j,0j,0j,0j,0j,0j,0j,0j,0j,0j,0j,0j,0j,0j,0j,0j,0j,0j,0j,0j,0j,0j,0j,0j,0j,0j,0j,0j,0j,0j,0j,0j,0j,0j,0j,0j,0j,0j,0j,0j,0j,0j,0j,0j,0j,0j,0j,0j,0j,0j,0j,0j,0j,0j,0j,0j,0j,0j,0j,0j,0j,0j,0j,0j,0j,0j,0j,0j,0j,0j,0j,0j,0j,0j,0j,0j,0j,0j,0j,0j,0j,0j,0j,0j,0j,0j,0j,0j,0j,0j,0j,0j,0j,0j,0j,0j,0j,0j,0j,0j,0j,0j,0j,0j,0j,0j,0j,0j,0j,0j,0j,0j,0j,0j,0j,0j,0j,0j,0j,0j,0j,0j,0j,0j,0j,0j,0j,0j,0j,0j,0j,0j,0j,0j,0j,0j,0j,0j,0j,0j,0j,0j,0j,0j,0j,0j,0j,0j,0j,0j,0j,0j,0j,0j,0j,0j,0j,0j,0j,0j,0j,0j,0j,0j,0j,0j,0j,0j,0j,0j,0j,0j,0j,0j,0j,0j,0j,0j,0j,0j,0j,0j,0j,0j,0j,0j,0j,0j,0j,0j,0j,0j,0j,0j,0j,0j,0j,0j,0j,0j,0j,0j,0j,0j,0j,0j,0j,0j,0j,0j,0j,0j,0j,0j,0j,0j,0j,(0.7429268990119307-0.5190305543138741j),0j,0j,0j,0j,0j,0j,0j,0j,0j,0j,0j,0j,0j,0j,0j,0j,0j,0j,0j,0j,0j,0j,0j,0j,0j,0j,0j,0j,0j,0j,0j,0j,0j,0j,0j,0j,0j,0j,0j,0j,0j,0j,0j,0j,0j,0j,0j,0j,0j,0j,0j,0j,0j,0j,0j,0j,0j,0j,0j,0j,0j,0j,0j,0j,0j,0j,0j,0j,0j,0j,0j,0j,0j,0j,0j,0j,0j,0j,0j,0j,0j,0j,0j,0j,0j,0j,0j,0j,0j,0j,0j,0j,0j,0j,0j,0j,0j,0j,0j,0j,0j,0j,0j,0j,0j,0j,0j,0j,0j,0j,0j,0j,0j,0j,0j,0j,0j,0j,0j,0j,0j,0j,0j,0j,0j,0j,0j,0j,0j,0j,0j,0j,0j,0j,0j,0j,0j,0j,0j,0j,0j,0j,0j,0j,0j,0j,0j,0j,0j,0j,0j,0j,0j,0j,0j,0j,0j,0j,0j,0j,0j,0j,0j,0j,0j,0j,0j,0j,0j,0j,0j,0j,0j,0j,0j,0j,0j,0j,0j,0j,0j,0j,0j,0j,0j,0j,0j,0j,0j,0j,0j,0j,0j,0j,0j,0j,0j,0j,0j,0j,0j,0j,0j,0j,0j,0j,0j,0j,0j,0j,0j,0j,0j,0j,0j,0j,0j,0j,0j,0j,0j,0j,0j,0j,0j,0j,0j,0j,0j,0j,0j,0j,0j,0j,0j,0j,0j,0j,0j,0j,0j,0j,0j,0j,0j,0j,0j,0j,0j,0j,0j,0j,0j,0j,0j,(-0.008635164209523878+0.1406318329164157j),0j,0j,0j,0j,0j,0j,0j,0j,0j,0j,0j,0j,0j,0j,0j,0j,0j,0j,0j,0j,0j,0j,0j,0j,0j,0j,0j,0j,0j,0j,0j,0j,0j,0j,0j,0j,0j,0j,0j,0j,0j,0j,0j,0j,0j,0j,0j,0j,0j,0j,0j,0j,0j,0j,0j,0j,0j,0j,0j,0j,0j,0j,0j,0j,0j,0j,0j,0j,0j,0j,0j,0j,0j,0j,0j,0j,0j,0j,0j,0j,0j,0j,0j,0j,0j,0j,0j,0j,0j,0j,0j,0j,0j,0j,0j,0j,0j,0j,0j,0j,0j,0j,0j,0j,0j,0j,0j,0j,0j,0j,0j,0j,0j,0j,0j,0j,0j,0j,0j,0j,0j,0j,0j,0j,0j,0j,0j,(-0.00863516420952448+0.14063183291641498j),0j,0j,0j,0j,0j,0j,0j,0j,0j,0j,0j,0j,0j,0j,0j,0j,0j,0j,0j,0j,0j,0j,0j,0j,0j,0j,0j,0j,0j,0j,0j,0j,0j,0j,0j,0j,0j,0j,0j,0j,0j,0j,0j,0j,0j,0j,0j,0j,0j,0j,0j,0j,0j,0j,0j,0j,0j,0j,0j,0j,0j,0j,0j,(-0.008635164209524664+0.14063183291641512j),0j,0j,0j,0j,0j,0j,0j,0j,0j,0j,0j,0j,0j,0j,0j,0j,0j,0j,0j,0j,0j,0j,0j,0j,0j,0j,0j,0j,0j,0j,0j,(-0.008635164209524525+0.1406318329164149j),0j,0j,0j,0j,0j,0j,0j,0j,0j,0j,0j,0j,0j,0j,0j,(-0.008635164209524853+0.14063183291641515j),0j,0j,0j,0j,0j,0j,0j,(-0.008635164209525533+0.14063183291641437j),0j,0j,0j,(-0.008635164209523401+0.14063183291641462j),0j,(-0.00863516420952361+0.14063183291641435j),(-0.008635164209524364+0.14063183291641404j),0j
10000,0j,0j,0j,0j,0j,0j,0j,0j,0j,0j,0j,0j,0j,0j,0j,0j,0j,0j,0j,0j,0j,0j,0j,0j,0j,0j,0j,0j,0j,0j,0j,0j,0j,0j,0j,0j,0j,0j,0j,0j,0j,0j,0j,0j,0j,0j,0j,0j,0j,0j,0j,0j,0j,0j,0j,0j,0j,0j,0j,0j,0j,0j,0j,0j,0j,0j,0j,0j,0j,0j,0j,0j,0j,0j,0j,0j,0j,0j,0j,0j,0j,0j,0j,0j,0j,0j,0j,0j,0j,0j,0j,0j,0j,0j,0j,0j,0j,0j,0j,0j,0j,0j,0j,0j,0j,0j,0j,0j,0j,0j,0j,0j,0j,0j,0j,0j,0j,0j,0j,0j,0j,0j,0j,0j,0j,0j,0j,0j,0j,0j,0j,0j,0j,0j,0j,0j,0j,0j,0j,0j,0j,0j,0j,0j,0j,0j,0j,0j,0j,0j,0j,0j,0j,0j,0j,0j,0j,0j,0j,0j,0j,0j,0j,0j,0j,0j,0j,0j,0j,0j,0j,0j,0j,0j,0j,0j,0j,0j,0j,0j,0j,0j,0j,0j,0j,0j,0j,0j,0j,0j,0j,0j,0j,0j,0j,0j,0j,0j,0j,0j,0j,0j,0j,0j,0j,0j,0j,0j,0j,0j,0j,0j,0j,0j,0j,0j,0j,0j,0j,0j,0j,0j,0j,0j,0j,0j,0j,0j,0j,0j,0j,0j,0j,0j,0j,0j,0j,0j,0j,0j,0j,0j,0j,0j,0j,0j,0j,0j,0j,0j,0j,0j,0j,0j,0j,0j,0j,0j,0j,0j,0j,0j,0j,0j,0j,0j,0j,0j,0j,0j,0j,0j,0j,0j,0j,0j,0j,0j,0j,0j,0j,0j,0j,0j,0j,0j,0j,0j,0j,0j,0j,0j,0j,0j,0j,0j,0j,0j,0j,0j,0j,0j,0j,0j,0j,0j,0j,0j,0j,0j,0j,0j,0j,0j,0j,0j,0j,0j,0j,0j,0j,0j,0j,0j,0j,0j,0j,0j,0j,0j,0j,0j,0j,0j,0j,0j,0j,0j,0j,0j,0j,0j,0j,0j,0j,0j,0j,0j,0j,0j,0j,0j,0j,0j,0j,0j,0j,0j,0j,0j,0j,0j,0j,0j,0j,0j,0j,0j,0j,0j,0j,0j,0j,0j,0j,0j,0j,0j,0j,0j,0j,0j,0j,0j,0j,0j,0j,0j,0j,0j,0j,0j,0j,0j,0j,0j,0j,0j,0j,0j,0j,0j,0j,0j,0j,0j,0j,0j,0j,0j,0j,0j,0j,0j,0j,0j,0j,0j,0j,0j,0j,0j,0j,0j,0j,0j,0j,0j,0j,0j,0j,0j,0j,0j,0j,0j,0j,0j,0j,0j,0j,0j,0j,0j,0j,0j,0j,0j,0j,0j,0j,0j,0j,0j,0j,0j,0j,0j,0j,0j,0j,0j,0j,0j,0j,0j,0j,0j,0j,0j,0j,0j,0j,0j,0j,0j,0j,0j,0j,0j,0j,0j,0j,0j,0j,0j,0j,0j,0j,0j,0j,0j,0j,0j,0j,0j,0j,0j,0j,0j,0j,0j,0j,0j,0j,0j,0j,0j,0j,0j,0j,(0.6348996216978061+0.632961434597463j),0j,0j,0j,0j,0j,0j,0j,0j,0j,0j,0j,0j,0j,0j,0j,0j,0j,0j,0j,0j,0j,0j,0j,0j,0j,0j,0j,0j,0j,0j,0j,0j,0j,0j,0j,0j,0j,0j,0j,0j,0j,0j,0j,0j,0j,0j,0j,0j,0j,0j,0j,0j,0j,0j,0j,0j,0j,0j,0j,0j,0j,0j,0j,0j,0j,0j,0j,0j,0j,0j,0j,0j,0j,0j,0j,0j,0j,0j,0j,0j,0j,0j,0j,0j,0j,0j,0j,0j,0j,0j,0j,0j,0j,0j,0j,0j,0j,0j,0j,0j,0j,0j,0j,0j,0j,0j,0j,0j,0j,0j,0j,0j,0j,0j,0j,0j,0j,0j,0j,0j,0j,0j,0j,0j,0j,0j,0j,0j,0j,0j,0j,0j,0j,0j,0j,0j,0j,0j,0j,0j,0j,0j,0j,0j,0j,0j,0j,0j,0j,0j,0j,0j,0j,0j,0j,0j,0j,0j,0j,0j,0j,0j,0j,0j,0j,0j,0j,0j,0j,0j,0j,0j,0j,0j,0j,0j,0j,0j,0j,0j,0j,0j,0j,0j,0j,0j,0j,0j,0j,0j,0j,0j,0j,0j,0j,0j,0j,0j,0j,0j,0j,0j,0j,0j,0j,0j,0j,0j,0j,0j,0j,0j,0j,0j,0j,0j,0j,0j,0j,0j,0j,0j,0j,0j,0j,0j,0j,0j,0j,0j,0j,0j,0j,0j,0j,0j,0j,0j,0j,0j,0j,0j,0j,0j,0j,0j,0j,0j,0j,0j,0j,0j,0j,0j,0j,(0.009526074070393633-0.1473640910185879j),0j,0j,0j,0j,0j,0j,0j,0j,0j,0j,0j,0j,0j,0j,0j,0j,0j,0j,0j,0j,0j,0j,0j,0j,0j,0j,0j,0j,0j,0j,0j,0j,0j,0j,0j,0j,0j,0j,0j,0j,0j,0j,0j,0j,0j,0j,0j,0j,0j,0j,0j,0j,0j,0j,0j,0j,0j,0j,0j,0j,0j,0j,0j,0j,0j,0j,0j,0j,0j,0j,0j,0j,0j,0j,0j,0j,0j,0j,0j,0j,0j,0j,0j,0j,0j,0j,0j,0j,0j,0j,0j,0j,0j,0j,0j,0j,0j,0j,0j,0j,0j,0j,0j,0j,0j,0j,0j,0j,0j,0j,0j,0j,0j,0j,0j,0j,0j,0j,0j,0j,0j,0j,0j,0j,0j,0j,0j,(0.009526074070394326-0.14736409101858838j),0j,0j,0j,0j,0j,0j,0j,0j,0j,0j,0j,0j,0j,0j,0j,0j,0j,0j,0j,0j,0j,0j,0j,0j,0j,0j,0j,0j,0j,0j,0j,0j,0j,0j,0j,0j,0j,0j,0j,0j,0j,0j,0j,0j,0j,0j,0j,0j,0j,0j,0j,0j,0j,0j,0j,0j,0j,0j,0j,0j,0j,0j,0j,(0.009526074070394599-0.1473640910185889j),0j,0j,0j,0j,0j,0j,0j,0j,0j,0j,0j,0j,0j,0j,0j,0j,0j,0j,0j,0j,0j,0j,0j,0j,0j,0j,0j,0j,0j,0j,0j,(0.009526074070394748-0.14736409101858872j),0j,0j,0j,0j,0j,0j,0j,0j,0j,0j,0j,0j,0j,0j,0j,(0.009526074070394781-0.14736409101858927j),0j,0j,0j,0j,0j,0j,0j,(0.00952607407039513-0.14736409101858958j),0j,0j,0j,(0.009526074070394458-0.1473640910185871j),0j,(0.009526074070394491-0.14736409101858702j),(0.009526074070394495-0.14736409101858766j),0j
